,Aggravated assault/battery_2001,Aggravated assault/battery_2002,Aggravated assault/battery_2003,Aggravated assault/battery_2004,Aggravated assault/battery_2005,Aggravated assault/battery_2006,Aggravated assault/battery_2007,Aggravated assault/battery_2008,Aggravated assault/battery_2009,Aggravated assault/battery_2010,Aggravated assault/battery_2011,Aggravated assault/battery_2012,Aggravated assault/battery_2013,Aggravated assault/battery_2014,Aggravated assault/battery_2015,Aggravated assault/battery_2016,Aggravated assault/battery_2017,Arson_2001,Arson_2002,Arson_2003,Arson_2004,Arson_2005,Arson_2006,Arson_2007,Arson_2008,Arson_2009,Arson_2010,Arson_2011,Arson_2012,Arson_2013,Arson_2014,Arson_2015,Arson_2016,Arson_2017,Burglary_2001,Burglary_2002,Burglary_2003,Burglary_2004,Burglary_2005,Burglary_2006,Burglary_2007,Burglary_2008,Burglary_2009,Burglary_2010,Burglary_2011,Burglary_2012,Burglary_2013,Burglary_2014,Burglary_2015,Burglary_2016,Burglary_2017,Criminal sexual assault_2001,Criminal sexual assault_2002,Criminal sexual assault_2003,Criminal sexual assault_2004,Criminal sexual assault_2005,Criminal sexual assault_2006,Criminal sexual assault_2007,Criminal sexual assault_2008,Criminal sexual assault_2009,Criminal sexual assault_2010,Criminal sexual assault_2011,Criminal sexual assault_2012,Criminal sexual assault_2013,Criminal sexual assault_2014,Criminal sexual assault_2015,Criminal sexual assault_2016,Criminal sexual assault_2017,Drug abuse_2001,Drug abuse_2002,Drug abuse_2003,Drug abuse_2004,Drug abuse_2005,Drug abuse_2006,Drug abuse_2007,Drug abuse_2008,Drug abuse_2009,Drug abuse_2010,Drug abuse_2011,Drug abuse_2012,Drug abuse_2013,Drug abuse_2014,Drug abuse_2015,Drug abuse_2016,Drug abuse_2017,Homicide_2001,Homicide_2002,Homicide_2003,Homicide_2004,Homicide_2005,Homicide_2006,Homicide_2007,Homicide_2008,Homicide_2009,Homicide_2010,Homicide_2011,Homicide_2012,Homicide_2013,Homicide_2014,Homicide_2015,Homicide_2016,Homicide_2017,Larceny_2001,Larceny_2002,Larceny_2003,Larceny_2004,Larceny_2005,Larceny_2006,Larceny_2007,Larceny_2008,Larceny_2009,Larceny_2010,Larceny_2011,Larceny_2012,Larceny_2013,Larceny_2014,Larceny_2015,Larceny_2016,Larceny_2017,Manslaughter_2001,Manslaughter_2002,Manslaughter_2003,Manslaughter_2004,Manslaughter_2005,Manslaughter_2006,Manslaughter_2007,Manslaughter_2008,Manslaughter_2009,Manslaughter_2010,Manslaughter_2011,Manslaughter_2012,Manslaughter_2013,Manslaughter_2014,Manslaughter_2015,Manslaughter_2016,Manslaughter_2017,Motor vehicle theft_2001,Motor vehicle theft_2002,Motor vehicle theft_2003,Motor vehicle theft_2004,Motor vehicle theft_2005,Motor vehicle theft_2006,Motor vehicle theft_2007,Motor vehicle theft_2008,Motor vehicle theft_2009,Motor vehicle theft_2010,Motor vehicle theft_2011,Motor vehicle theft_2012,Motor vehicle theft_2013,Motor vehicle theft_2014,Motor vehicle theft_2015,Motor vehicle theft_2016,Motor vehicle theft_2017,Robbery_2001,Robbery_2002,Robbery_2003,Robbery_2004,Robbery_2005,Robbery_2006,Robbery_2007,Robbery_2008,Robbery_2009,Robbery_2010,Robbery_2011,Robbery_2012,Robbery_2013,Robbery_2014,Robbery_2015,Robbery_2016,Robbery_2017,Weapons violation_2001,Weapons violation_2002,Weapons violation_2003,Weapons violation_2004,Weapons violation_2005,Weapons violation_2006,Weapons violation_2007,Weapons violation_2008,Weapons violation_2009,Weapons violation_2010,Weapons violation_2011,Weapons violation_2012,Weapons violation_2013,Weapons violation_2014,Weapons violation_2015,Weapons violation_2016,Weapons violation_2017,Violent_2001,Violent_2002,Violent_2003,Violent_2004,Violent_2005,Violent_2006,Violent_2007,Violent_2008,Violent_2009,Violent_2010,Violent_2011,Violent_2012,Violent_2013,Violent_2014,Violent_2015,Violent_2016,Violent_2017,Property_2001,Property_2002,Property_2003,Property_2004,Property_2005,Property_2006,Property_2007,Property_2008,Property_2009,Property_2010,Property_2011,Property_2012,Property_2013,Property_2014,Property_2015,Property_2016,Property_2017,Index_2001,Index_2002,Index_2003,Index_2004,Index_2005,Index_2006,Index_2007,Index_2008,Index_2009,Index_2010,Index_2011,Index_2012,Index_2013,Index_2014,Index_2015,Index_2016,Index_2017,Public_2001,Public_2002,Public_2003,Public_2004,Public_2005,Public_2006,Public_2007,Public_2008,Public_2009,Public_2010,Public_2011,Public_2012,Public_2013,Public_2014,Public_2015,Public_2016,Public_2017
1.0,562.0,429.0,392.0,342.0,293.0,290.0,222.0,213.0,212.0,232.0,169.0,167.0,151.0,133.0,129.0,175.0,83.0,24.0,33.0,30.0,16.0,15.0,17.0,16.0,14.0,9.0,16.0,12.0,11.0,8.0,6.0,8.0,4.0,3.0,831.0,700.0,635.0,572.0,593.0,523.0,542.0,602.0,658.0,564.0,561.0,528.0,492.0,413.0,268.0,323.0,184.0,38.0,38.0,32.0,26.0,31.0,23.0,23.0,18.0,24.0,20.0,27.0,28.0,18.0,17.0,17.0,23.0,11.0,658.0,648.0,731.0,712.0,623.0,642.0,573.0,557.0,422.0,412.0,291.0,294.0,200.0,130.0,114.0,34.0,16.0,13.0,14.0,12.0,4.0,4.0,6.0,8.0,5.0,12.0,4.0,2.0,5.0,5.0,3.0,3.0,7.0,1.0,2764.0,2950.0,3007.0,2718.0,2327.0,2418.0,2250.0,2490.0,2258.0,2312.0,2122.0,2013.0,1806.0,1611.0,1664.0,1873.0,966.0,0.0,0.0,0.0,0.0,0.0,0.0,0.0,0.0,0.0,0.0,0.0,0.0,0.0,0.0,0.0,0.0,0.0,736.0,593.0,500.0,501.0,457.0,395.0,362.0,336.0,348.0,400.0,415.0,359.0,280.0,179.0,219.0,259.0,125.0,517.0,410.0,411.0,361.0,344.0,285.0,262.0,273.0,282.0,282.0,237.0,253.0,205.0,141.0,140.0,215.0,102.0,12.0,11.0,8.0,9.0,5.0,5.0,2.0,0.0,2.0,5.0,2.0,5.0,3.0,1.0,3.0,4.0,3.0,1130.0,891.0,847.0,733.0,672.0,604.0,515.0,509.0,530.0,538.0,435.0,453.0,379.0,294.0,289.0,420.0,197.0,4355.0,4276.0,4172.0,3807.0,3392.0,3353.0,3170.0,3442.0,3273.0,3292.0,3110.0,2911.0,2586.0,2209.0,2159.0,2459.0,1278.0,5485.0,5167.0,5019.0,4540.0,4064.0,3957.0,3685.0,3951.0,3803.0,3830.0,3545.0,3364.0,2965.0,2503.0,2448.0,2879.0,1475.0,397.0,341.0,310.0,241.0,206.0,197.0,129.0,147.0,157.0,159.0,119.0,154.0,113.0,79.0,116.0,180.0,73.0
2.0,230.0,131.0,159.0,117.0,120.0,140.0,130.0,122.0,95.0,101.0,103.0,81.0,63.0,83.0,62.0,114.0,45.0,7.0,10.0,10.0,9.0,7.0,5.0,7.0,3.0,5.0,4.0,4.0,2.0,1.0,3.0,5.0,7.0,1.0,472.0,447.0,455.0,445.0,433.0,419.0,373.0,414.0,372.0,303.0,387.0,363.0,275.0,235.0,184.0,210.0,93.0,27.0,18.0,26.0,17.0,17.0,16.0,14.0,12.0,13.0,15.0,20.0,18.0,16.0,26.0,20.0,25.0,7.0,196.0,191.0,160.0,152.0,156.0,213.0,140.0,149.0,130.0,148.0,145.0,99.0,71.0,68.0,67.0,41.0,20.0,5.0,3.0,4.0,7.0,6.0,2.0,0.0,0.0,1.0,0.0,2.0,1.0,0.0,1.0,2.0,3.0,1.0,3392.0,3105.0,3247.0,2853.0,2553.0,2759.0,2760.0,2932.0,2802.0,2896.0,2469.0,2437.0,2253.0,1991.0,1925.0,2380.0,1156.0,0.0,0.0,0.0,0.0,0.0,0.0,0.0,0.0,0.0,0.0,0.0,0.0,0.0,0.0,0.0,0.0,0.0,341.0,295.0,299.0,262.0,235.0,243.0,241.0,283.0,194.0,229.0,236.0,175.0,175.0,109.0,118.0,158.0,84.0,286.0,264.0,240.0,193.0,212.0,202.0,197.0,200.0,171.0,206.0,224.0,188.0,116.0,111.0,114.0,170.0,86.0,3.0,3.0,1.0,1.0,0.0,3.0,1.0,1.0,1.0,2.0,1.0,4.0,1.0,0.0,1.0,2.0,1.0,548.0,416.0,429.0,334.0,355.0,360.0,341.0,334.0,280.0,322.0,349.0,288.0,195.0,221.0,198.0,312.0,139.0,4212.0,3857.0,4011.0,3569.0,3228.0,3426.0,3381.0,3632.0,3373.0,3432.0,3096.0,2977.0,2704.0,2338.0,2232.0,2755.0,1334.0,4760.0,4273.0,4440.0,3903.0,3583.0,3786.0,3722.0,3966.0,3653.0,3754.0,3445.0,3265.0,2899.0,2559.0,2430.0,3067.0,1473.0,173.0,144.0,120.0,93.0,94.0,73.0,57.0,67.0,77.0,69.0,69.0,75.0,46.0,52.0,58.0,94.0,33.0
3.0,1477.0,1042.0,813.0,779.0,735.0,647.0,588.0,552.0,458.0,385.0,385.0,351.0,358.0,333.0,363.0,405.0,183.0,21.0,33.0,19.0,13.0,9.0,13.0,7.0,5.0,10.0,11.0,5.0,6.0,5.0,4.0,8.0,5.0,3.0,620.0,791.0,632.0,614.0,650.0,619.0,482.0,502.0,534.0,403.0,463.0,369.0,307.0,281.0,260.0,239.0,137.0,95.0,63.0,59.0,68.0,51.0,50.0,54.0,40.0,44.0,35.0,42.0,35.0,33.0,32.0,33.0,36.0,15.0,4560.0,3384.0,3389.0,3001.0,2465.0,2223.0,1546.0,1796.0,1331.0,1125.0,932.0,751.0,944.0,647.0,336.0,176.0,57.0,35.0,24.0,28.0,16.0,13.0,14.0,17.0,18.0,13.0,15.0,13.0,16.0,9.0,7.0,18.0,22.0,17.0,2749.0,2523.0,2583.0,2784.0,2307.0,2517.0,2276.0,2141.0,1860.0,2007.0,1992.0,1920.0,1878.0,1544.0,1438.0,1576.0,694.0,0.0,0.0,1.0,0.0,0.0,0.0,0.0,0.0,0.0,0.0,0.0,0.0,0.0,0.0,0.0,0.0,0.0,784.0,656.0,662.0,608.0,633.0,684.0,429.0,423.0,374.0,500.0,511.0,391.0,310.0,272.0,265.0,282.0,157.0,835.0,716.0,661.0,610.0,536.0,606.0,524.0,545.0,426.0,380.0,507.0,439.0,404.0,360.0,318.0,361.0,182.0,8.0,2.0,3.0,1.0,7.0,3.0,1.0,11.0,3.0,3.0,1.0,7.0,4.0,7.0,1.0,7.0,7.0,2442.0,1845.0,1561.0,1473.0,1335.0,1317.0,1183.0,1155.0,941.0,815.0,947.0,841.0,804.0,732.0,732.0,824.0,397.0,4174.0,4003.0,3896.0,4019.0,3599.0,3833.0,3194.0,3071.0,2778.0,2921.0,2971.0,2686.0,2500.0,2101.0,1971.0,2102.0,991.0,6616.0,5848.0,5457.0,5492.0,4934.0,5150.0,4377.0,4226.0,3719.0,3736.0,3918.0,3527.0,3304.0,2833.0,2703.0,2926.0,1388.0,748.0,594.0,524.0,451.0,380.0,369.0,355.0,420.0,316.0,235.0,299.0,281.0,268.0,285.0,297.0,379.0,164.0
4.0,581.0,486.0,400.0,442.0,475.0,470.0,385.0,264.0,256.0,239.0,234.0,255.0,168.0,202.0,216.0,232.0,125.0,12.0,13.0,13.0,10.0,11.0,11.0,4.0,7.0,2.0,6.0,6.0,2.0,2.0,6.0,6.0,4.0,1.0,431.0,513.0,501.0,517.0,530.0,528.0,398.0,342.0,412.0,408.0,380.0,315.0,247.0,213.0,159.0,205.0,75.0,58.0,54.0,46.0,58.0,42.0,36.0,33.0,29.0,23.0,21.0,28.0,39.0,23.0,28.0,29.0,41.0,12.0,932.0,865.0,719.0,1094.0,1237.0,965.0,1561.0,1089.0,647.0,673.0,553.0,389.0,469.0,301.0,219.0,85.0,27.0,10.0,11.0,1.0,15.0,9.0,1.0,4.0,5.0,10.0,3.0,6.0,6.0,8.0,6.0,9.0,12.0,5.0,3226.0,2795.0,2860.0,2790.0,2652.0,2554.0,2581.0,2478.0,2364.0,2379.0,2287.0,2188.0,1997.0,1830.0,1985.0,2123.0,1092.0,0.0,0.0,0.0,0.0,0.0,0.0,0.0,0.0,0.0,0.0,0.0,0.0,0.0,0.0,0.0,0.0,0.0,524.0,491.0,458.0,474.0,550.0,463.0,370.0,357.0,305.0,340.0,303.0,261.0,238.0,246.0,222.0,213.0,119.0,447.0,397.0,409.0,369.0,432.0,372.0,373.0,304.0,331.0,287.0,285.0,312.0,262.0,277.0,274.0,347.0,175.0,6.0,1.0,2.0,4.0,5.0,3.0,5.0,6.0,4.0,1.0,5.0,2.0,1.0,2.0,2.0,5.0,4.0,1096.0,948.0,856.0,884.0,958.0,879.0,795.0,602.0,620.0,550.0,553.0,612.0,461.0,513.0,528.0,632.0,317.0,4193.0,3812.0,3832.0,3791.0,3743.0,3556.0,3353.0,3184.0,3083.0,3133.0,2976.0,2766.0,2484.0,2295.0,2372.0,2545.0,1287.0,5289.0,4760.0,4688.0,4675.0,4701.0,4435.0,4148.0,3786.0,3703.0,3683.0,3529.0,3378.0,2945.0,2808.0,2900.0,3177.0,1604.0,345.0,262.0,269.0,254.0,267.0,241.0,238.0,211.0,224.0,130.0,193.0,209.0,134.0,197.0,221.0,254.0,109.0
5.0,521.0,498.0,432.0,436.0,422.0,362.0,458.0,373.0,351.0,349.0,290.0,303.0,298.0,283.0,305.0,320.0,154.0,15.0,14.0,17.0,15.0,15.0,13.0,14.0,3.0,2.0,8.0,6.0,3.0,7.0,3.0,1.0,3.0,2.0,527.0,575.0,652.0,690.0,762.0,694.0,600.0,659.0,762.0,672.0,837.0,658.0,646.0,396.0,400.0,440.0,172.0,68.0,45.0,48.0,52.0,40.0,40.0,50.0,40.0,46.0,40.0,34.0,36.0,33.0,36.0,33.0,30.0,22.0,521.0,523.0,567.0,733.0,671.0,749.0,730.0,585.0,642.0,725.0,607.0,642.0,500.0,389.0,279.0,123.0,43.0,13.0,14.0,15.0,9.0,17.0,16.0,9.0,13.0,8.0,7.0,8.0,6.0,13.0,7.0,7.0,16.0,6.0,2527.0,2367.0,2241.0,2206.0,2018.0,1761.0,1921.0,1785.0,1712.0,1755.0,1748.0,1689.0,1654.0,1203.0,1257.0,1145.0,541.0,0.0,0.0,0.0,0.0,0.0,0.0,0.0,0.0,0.0,0.0,0.0,0.0,0.0,0.0,0.0,0.0,0.0,698.0,546.0,513.0,594.0,589.0,556.0,463.0,433.0,328.0,405.0,406.0,282.0,248.0,198.0,240.0,229.0,110.0,494.0,466.0,468.0,475.0,543.0,470.0,575.0,452.0,465.0,359.0,406.0,423.0,307.0,254.0,260.0,318.0,166.0,3.0,3.0,2.0,7.0,1.0,3.0,3.0,1.0,1.0,5.0,1.0,5.0,4.0,3.0,5.0,1.0,1.0,1096.0,1023.0,963.0,972.0,1022.0,888.0,1092.0,878.0,870.0,755.0,738.0,768.0,651.0,580.0,605.0,684.0,348.0,3767.0,3502.0,3423.0,3505.0,3384.0,3024.0,2998.0,2880.0,2804.0,2840.0,2997.0,2632.0,2555.0,1800.0,1898.0,1817.0,825.0,4863.0,4525.0,4386.0,4477.0,4406.0,3912.0,4090.0,3758.0,3674.0,3595.0,3735.0,3400.0,3206.0,2380.0,2503.0,2501.0,1173.0,420.0,453.0,377.0,333.0,361.0,309.0,409.0,359.0,319.0,252.0,289.0,319.0,201.0,219.0,216.0,290.0,152.0
6.0,1095.0,1025.0,854.0,932.0,865.0,840.0,886.0,897.0,786.0,751.0,659.0,607.0,524.0,512.0,578.0,632.0,321.0,32.0,34.0,37.0,27.0,24.0,26.0,21.0,30.0,21.0,22.0,20.0,12.0,19.0,20.0,18.0,19.0,6.0,932.0,727.0,788.0,1161.0,1016.0,1034.0,1053.0,1175.0,1310.0,1190.0,1007.0,826.0,670.0,555.0,632.0,495.0,228.0,91.0,85.0,100.0,86.0,94.0,81.0,76.0,66.0,62.0,59.0,73.0,68.0,55.0,44.0,46.0,38.0,29.0,955.0,1091.0,1321.0,1689.0,1561.0,1692.0,2093.0,1738.0,1362.0,1499.0,1395.0,1400.0,1181.0,845.0,771.0,348.0,142.0,25.0,30.0,17.0,25.0,30.0,22.0,31.0,32.0,23.0,21.0,33.0,21.0,23.0,24.0,25.0,42.0,20.0,2487.0,2263.0,2440.0,2232.0,2101.0,2189.0,2021.0,2044.0,1823.0,1895.0,1804.0,2053.0,1880.0,1499.0,1353.0,1283.0,600.0,0.0,0.0,0.0,0.0,0.0,0.0,0.0,0.0,0.0,0.0,0.0,0.0,0.0,0.0,0.0,0.0,0.0,1011.0,928.0,927.0,995.0,1000.0,1042.0,839.0,867.0,638.0,832.0,793.0,619.0,498.0,343.0,347.0,313.0,148.0,827.0,887.0,830.0,773.0,738.0,771.0,869.0,956.0,923.0,748.0,719.0,743.0,616.0,435.0,425.0,496.0,215.0,9.0,7.0,3.0,7.0,1.0,5.0,13.0,10.0,4.0,9.0,7.0,7.0,13.0,6.0,4.0,10.0,9.0,2038.0,2027.0,1801.0,1816.0,1727.0,1714.0,1862.0,1951.0,1794.0,1579.0,1484.0,1439.0,1218.0,1015.0,1074.0,1208.0,585.0,4462.0,3952.0,4192.0,4415.0,4141.0,4291.0,3934.0,4116.0,3792.0,3939.0,3624.0,3510.0,3067.0,2417.0,2350.0,2110.0,982.0,6500.0,5979.0,5993.0,6231.0,5868.0,6005.0,5796.0,6067.0,5586.0,5518.0,5108.0,4949.0,4285.0,3432.0,3424.0,3318.0,1567.0,767.0,847.0,752.0,713.0,665.0,683.0,799.0,810.0,787.0,657.0,687.0,631.0,525.0,456.0,435.0,593.0,275.0
7.0,813.0,829.0,679.0,657.0,585.0,625.0,695.0,696.0,666.0,667.0,573.0,575.0,469.0,459.0,443.0,483.0,271.0,20.0,18.0,28.0,17.0,21.0,11.0,20.0,16.0,14.0,14.0,19.0,22.0,14.0,14.0,14.0,9.0,6.0,734.0,654.0,683.0,732.0,797.0,834.0,854.0,1022.0,1086.0,1141.0,1244.0,1008.0,877.0,559.0,667.0,511.0,208.0,75.0,68.0,84.0,58.0,63.0,62.0,80.0,43.0,46.0,59.0,56.0,48.0,45.0,53.0,43.0,42.0,27.0,1050.0,1103.0,1117.0,1445.0,1278.0,1704.0,1373.0,1430.0,1677.0,1083.0,1131.0,948.0,841.0,868.0,685.0,203.0,76.0,21.0,15.0,23.0,21.0,12.0,23.0,12.0,29.0,18.0,18.0,15.0,28.0,21.0,20.0,14.0,25.0,21.0,2023.0,1873.0,2051.0,1730.0,1644.0,1871.0,1768.0,1703.0,1369.0,1455.0,1521.0,1562.0,1413.0,1277.0,1119.0,958.0,431.0,0.0,0.0,0.0,0.0,0.0,0.0,0.0,0.0,0.0,0.0,0.0,0.0,0.0,0.0,0.0,0.0,0.0,649.0,652.0,671.0,691.0,586.0,667.0,553.0,495.0,422.0,466.0,583.0,355.0,305.0,271.0,246.0,257.0,150.0,438.0,513.0,522.0,474.0,490.0,512.0,583.0,564.0,480.0,400.0,450.0,424.0,366.0,352.0,299.0,344.0,137.0,11.0,1.0,2.0,3.0,2.0,5.0,1.0,9.0,3.0,3.0,2.0,9.0,6.0,6.0,4.0,6.0,1.0,1347.0,1425.0,1308.0,1210.0,1150.0,1222.0,1370.0,1332.0,1210.0,1144.0,1094.0,1075.0,901.0,884.0,799.0,894.0,456.0,3426.0,3197.0,3433.0,3170.0,3048.0,3383.0,3195.0,3236.0,2891.0,3076.0,3367.0,2947.0,2609.0,2121.0,2046.0,1735.0,795.0,4773.0,4622.0,4741.0,4380.0,4198.0,4605.0,4565.0,4568.0,4101.0,4220.0,4461.0,4022.0,3510.0,3005.0,2845.0,2629.0,1251.0,516.0,567.0,522.0,431.0,430.0,409.0,465.0,560.0,526.0,401.0,457.0,452.0,369.0,356.0,307.0,393.0,165.0
8.0,785.0,700.0,667.0,685.0,644.0,607.0,755.0,708.0,624.0,556.0,500.0,488.0,445.0,426.0,432.0,498.0,241.0,28.0,32.0,25.0,14.0,23.0,17.0,21.0,23.0,19.0,11.0,9.0,10.0,8.0,11.0,11.0,12.0,12.0,705.0,650.0,774.0,903.0,857.0,799.0,922.0,1141.0,979.0,1076.0,1011.0,853.0,738.0,530.0,535.0,494.0,239.0,58.0,67.0,61.0,80.0,69.0,61.0,77.0,68.0,74.0,55.0,51.0,51.0,50.0,51.0,39.0,42.0,27.0,774.0,819.0,952.0,1286.0,1242.0,1358.0,1877.0,1280.0,1260.0,1122.0,966.0,850.0,805.0,759.0,531.0,232.0,78.0,27.0,29.0,29.0,10.0,20.0,20.0,28.0,15.0,18.0,20.0,17.0,22.0,23.0,18.0,22.0,21.0,10.0,2523.0,2487.0,2767.0,2526.0,2434.0,2537.0,2272.0,2438.0,2100.0,1936.0,2351.0,2211.0,2080.0,1795.0,1529.0,1319.0,700.0,0.0,0.0,0.0,0.0,0.0,0.0,0.0,0.0,0.0,0.0,0.0,0.0,0.0,0.0,0.0,0.0,0.0,804.0,763.0,831.0,917.0,752.0,946.0,791.0,688.0,546.0,583.0,676.0,453.0,421.0,315.0,293.0,337.0,195.0,639.0,681.0,687.0,710.0,622.0,710.0,739.0,866.0,706.0,570.0,612.0,562.0,485.0,421.0,330.0,384.0,192.0,4.0,4.0,8.0,5.0,2.0,2.0,4.0,3.0,6.0,6.0,5.0,7.0,5.0,3.0,7.0,6.0,7.0,1509.0,1477.0,1444.0,1485.0,1355.0,1398.0,1599.0,1657.0,1422.0,1201.0,1180.0,1123.0,1003.0,916.0,823.0,945.0,470.0,4060.0,3932.0,4397.0,4360.0,4066.0,4299.0,4006.0,4290.0,3644.0,3606.0,4047.0,3527.0,3247.0,2651.0,2368.0,2162.0,1146.0,5569.0,5409.0,5841.0,5845.0,5421.0,5697.0,5605.0,5947.0,5066.0,4807.0,5227.0,4650.0,4250.0,3567.0,3191.0,3107.0,1616.0,665.0,639.0,635.0,580.0,533.0,528.0,625.0,716.0,585.0,437.0,492.0,502.0,388.0,371.0,324.0,447.0,224.0
9.0,1017.0,895.0,850.0,747.0,645.0,623.0,649.0,646.0,594.0,512.0,531.0,502.0,401.0,403.0,405.0,507.0,229.0,24.0,30.0,30.0,24.0,20.0,21.0,22.0,33.0,23.0,16.0,12.0,18.0,10.0,7.0,16.0,18.0,15.0,673.0,622.0,649.0,621.0,645.0,616.0,844.0,781.0,895.0,841.0,856.0,699.0,602.0,473.0,498.0,472.0,190.0,78.0,77.0,77.0,66.0,73.0,54.0,57.0,69.0,54.0,49.0,65.0,61.0,45.0,44.0,29.0,45.0,23.0,869.0,851.0,881.0,1101.0,1254.0,1377.0,1683.0,1144.0,979.0,1041.0,981.0,982.0,789.0,626.0,451.0,276.0,121.0,25.0,22.0,27.0,13.0,21.0,30.0,26.0,25.0,13.0,17.0,15.0,19.0,13.0,9.0,18.0,25.0,14.0,1904.0,1745.0,1772.0,1795.0,1615.0,1662.0,1683.0,1886.0,1669.0,1560.0,1593.0,1534.0,1451.0,1380.0,1061.0,1048.0,592.0,0.0,0.0,0.0,0.0,0.0,0.0,0.0,0.0,0.0,0.0,0.0,0.0,0.0,0.0,0.0,0.0,0.0,657.0,499.0,553.0,632.0,720.0,780.0,622.0,608.0,449.0,603.0,661.0,460.0,353.0,250.0,269.0,292.0,139.0,519.0,506.0,491.0,497.0,543.0,562.0,539.0,521.0,458.0,453.0,409.0,414.0,462.0,353.0,263.0,359.0,140.0,5.0,3.0,8.0,4.0,4.0,3.0,8.0,4.0,12.0,5.0,3.0,4.0,2.0,2.0,6.0,15.0,4.0,1639.0,1500.0,1445.0,1323.0,1282.0,1269.0,1271.0,1261.0,1119.0,1031.0,1020.0,996.0,921.0,809.0,715.0,936.0,406.0,3258.0,2896.0,3004.0,3072.0,3000.0,3079.0,3171.0,3308.0,3036.0,3020.0,3122.0,2711.0,2416.0,2110.0,1844.0,1830.0,936.0,4897.0,4396.0,4449.0,4395.0,4282.0,4348.0,4442.0,4569.0,4155.0,4051.0,4142.0,3707.0,3337.0,2919.0,2559.0,2766.0,1342.0,616.0,553.0,598.0,488.0,467.0,488.0,543.0,573.0,520.0,439.0,431.0,440.0,387.0,365.0,321.0,490.0,181.0
10.0,414.0,402.0,377.0,371.0,306.0,360.0,334.0,337.0,334.0,334.0,326.0,321.0,209.0,238.0,262.0,262.0,133.0,23.0,20.0,35.0,16.0,16.0,17.0,23.0,10.0,14.0,9.0,9.0,6.0,8.0,7.0,14.0,11.0,2.0,363.0,381.0,446.0,376.0,450.0,498.0,528.0,536.0,558.0,589.0,557.0,492.0,362.0,308.0,210.0,195.0,77.0,36.0,40.0,36.0,28.0,24.0,26.0,26.0,27.0,26.0,35.0,37.0,29.0,25.0,21.0,24.0,13.0,9.0,623.0,477.0,590.0,790.0,616.0,726.0,690.0,559.0,680.0,494.0,529.0,435.0,434.0,478.0,287.0,120.0,35.0,16.0,17.0,8.0,7.0,5.0,8.0,8.0,12.0,16.0,6.0,5.0,10.0,4.0,10.0,6.0,9.0,5.0,1112.0,1092.0,1187.0,1377.0,1091.0,1171.0,1162.0,1110.0,1002.0,994.0,1109.0,934.0,925.0,895.0,766.0,728.0,344.0,0.0,0.0,0.0,0.0,0.0,0.0,0.0,0.0,0.0,0.0,0.0,0.0,0.0,0.0,0.0,0.0,0.0,370.0,309.0,358.0,402.0,297.0,342.0,288.0,274.0,224.0,267.0,238.0,256.0,199.0,129.0,108.0,151.0,91.0,171.0,205.0,187.0,198.0,200.0,178.0,221.0,211.0,169.0,184.0,180.0,185.0,155.0,99.0,129.0,126.0,44.0,10.0,3.0,4.0,2.0,1.0,3.0,2.0,1.0,5.0,4.0,4.0,3.0,1.0,2.0,5.0,0.0,3.0,637.0,664.0,608.0,604.0,535.0,572.0,589.0,587.0,545.0,559.0,548.0,545.0,393.0,368.0,421.0,410.0,191.0,1868.0,1802.0,2026.0,2171.0,1854.0,2028.0,2001.0,1930.0,1798.0,1859.0,1913.0,1688.0,1494.0,1339.0,1098.0,1085.0,514.0,2505.0,2466.0,2634.0,2775.0,2389.0,2600.0,2590.0,2517.0,2343.0,2418.0,2461.0,2233.0,1887.0,1707.0,1519.0,1495.0,705.0,259.0,293.0,277.0,243.0,203.0,230.0,210.0,192.0,213.0,197.0,184.0,212.0,138.0,146.0,172.0,140.0,84.0
11.0,212.0,252.0,200.0,215.0,208.0,236.0,183.0,200.0,181.0,163.0,172.0,128.0,115.0,99.0,118.0,146.0,75.0,28.0,15.0,12.0,15.0,19.0,6.0,13.0,6.0,10.0,8.0,17.0,4.0,5.0,11.0,14.0,3.0,1.0,479.0,418.0,484.0,364.0,388.0,397.0,281.0,386.0,330.0,318.0,315.0,302.0,220.0,215.0,170.0,180.0,105.0,16.0,16.0,15.0,19.0,11.0,17.0,8.0,19.0,19.0,14.0,11.0,10.0,16.0,10.0,15.0,11.0,5.0,423.0,372.0,271.0,268.0,232.0,253.0,247.0,230.0,305.0,249.0,225.0,158.0,164.0,106.0,101.0,64.0,20.0,3.0,3.0,11.0,1.0,2.0,4.0,6.0,3.0,4.0,3.0,4.0,6.0,3.0,3.0,5.0,6.0,0.0,1615.0,1356.0,1417.0,1335.0,1221.0,1289.0,1146.0,1195.0,1106.0,1141.0,948.0,1116.0,991.0,980.0,812.0,798.0,379.0,0.0,0.0,0.0,0.0,0.0,0.0,0.0,0.0,0.0,0.0,0.0,0.0,0.0,0.0,0.0,0.0,0.0,385.0,378.0,378.0,329.0,373.0,330.0,218.0,254.0,228.0,316.0,329.0,322.0,250.0,172.0,191.0,127.0,69.0,149.0,120.0,119.0,109.0,160.0,134.0,111.0,127.0,94.0,119.0,131.0,107.0,77.0,103.0,99.0,156.0,77.0,3.0,4.0,0.0,1.0,0.0,2.0,1.0,2.0,0.0,1.0,1.0,2.0,2.0,0.0,0.0,1.0,0.0,380.0,391.0,345.0,344.0,381.0,391.0,308.0,349.0,298.0,299.0,318.0,251.0,211.0,215.0,237.0,319.0,157.0,2507.0,2167.0,2291.0,2043.0,2001.0,2022.0,1658.0,1841.0,1674.0,1783.0,1609.0,1744.0,1466.0,1378.0,1187.0,1108.0,554.0,2887.0,2558.0,2636.0,2387.0,2382.0,2413.0,1966.0,2190.0,1972.0,2082.0,1927.0,1995.0,1677.0,1593.0,1424.0,1427.0,711.0,109.0,104.0,86.0,89.0,101.0,94.0,92.0,100.0,75.0,76.0,79.0,80.0,46.0,49.0,80.0,126.0,59.0
12.0,374.0,305.0,249.0,302.0,296.0,261.0,229.0,243.0,249.0,225.0,214.0,221.0,178.0,174.0,197.0,248.0,103.0,13.0,17.0,19.0,16.0,13.0,15.0,15.0,15.0,12.0,6.0,11.0,9.0,12.0,6.0,10.0,14.0,6.0,567.0,434.0,425.0,385.0,378.0,405.0,323.0,297.0,291.0,315.0,266.0,280.0,241.0,199.0,144.0,165.0,92.0,20.0,22.0,23.0,19.0,25.0,25.0,25.0,26.0,18.0,25.0,21.0,23.0,17.0,19.0,16.0,13.0,12.0,406.0,371.0,417.0,506.0,436.0,499.0,569.0,546.0,541.0,513.0,419.0,326.0,359.0,347.0,355.0,146.0,77.0,13.0,13.0,11.0,10.0,8.0,7.0,9.0,6.0,8.0,11.0,9.0,8.0,3.0,4.0,8.0,12.0,7.0,1293.0,1401.0,1529.0,1435.0,1320.0,1303.0,1255.0,1145.0,1031.0,858.0,896.0,969.0,881.0,807.0,699.0,670.0,283.0,0.0,0.0,0.0,0.0,0.0,0.0,0.0,0.0,0.0,0.0,0.0,0.0,0.0,0.0,0.0,0.0,0.0,541.0,457.0,524.0,492.0,404.0,310.0,305.0,327.0,263.0,393.0,370.0,348.0,282.0,182.0,184.0,172.0,82.0,249.0,263.0,231.0,160.0,167.0,169.0,163.0,180.0,140.0,154.0,138.0,126.0,124.0,121.0,126.0,154.0,58.0,5.0,1.0,3.0,2.0,2.0,2.0,0.0,1.0,2.0,5.0,4.0,6.0,2.0,4.0,6.0,7.0,2.0,656.0,603.0,514.0,491.0,496.0,462.0,426.0,455.0,415.0,415.0,382.0,378.0,322.0,318.0,347.0,427.0,180.0,2414.0,2309.0,2497.0,2328.0,2115.0,2033.0,1898.0,1784.0,1597.0,1572.0,1543.0,1606.0,1416.0,1194.0,1037.0,1021.0,463.0,3070.0,2912.0,3011.0,2819.0,2611.0,2495.0,2324.0,2239.0,2012.0,1987.0,1925.0,1984.0,1738.0,1512.0,1384.0,1448.0,643.0,233.0,227.0,185.0,179.0,172.0,153.0,126.0,134.0,104.0,129.0,119.0,121.0,80.0,105.0,128.0,220.0,63.0
13.0,114.0,103.0,97.0,103.0,145.0,142.0,117.0,118.0,121.0,119.0,97.0,68.0,58.0,46.0,62.0,83.0,38.0,17.0,9.0,19.0,11.0,4.0,16.0,11.0,6.0,8.0,6.0,5.0,7.0,6.0,3.0,5.0,14.0,4.0,355.0,396.0,405.0,397.0,276.0,296.0,336.0,401.0,392.0,345.0,430.0,283.0,280.0,212.0,207.0,245.0,79.0,12.0,12.0,14.0,7.0,16.0,11.0,18.0,9.0,11.0,7.0,13.0,11.0,12.0,6.0,10.0,5.0,2.0,76.0,119.0,133.0,162.0,123.0,189.0,247.0,189.0,172.0,193.0,177.0,148.0,155.0,125.0,87.0,42.0,29.0,1.0,3.0,2.0,2.0,6.0,2.0,3.0,4.0,0.0,6.0,0.0,0.0,4.0,2.0,0.0,8.0,0.0,893.0,988.0,972.0,897.0,778.0,870.0,762.0,855.0,749.0,602.0,647.0,673.0,595.0,547.0,439.0,434.0,223.0,0.0,0.0,0.0,0.0,0.0,0.0,0.0,0.0,0.0,0.0,0.0,0.0,0.0,0.0,0.0,0.0,0.0,383.0,256.0,248.0,274.0,225.0,206.0,168.0,177.0,143.0,174.0,148.0,148.0,115.0,97.0,130.0,105.0,62.0,88.0,79.0,80.0,90.0,97.0,117.0,73.0,118.0,124.0,85.0,97.0,88.0,88.0,62.0,87.0,116.0,38.0,1.0,0.0,1.0,0.0,1.0,0.0,2.0,1.0,2.0,0.0,1.0,1.0,1.0,0.0,0.0,1.0,1.0,215.0,197.0,193.0,202.0,264.0,272.0,211.0,249.0,256.0,217.0,207.0,167.0,162.0,116.0,159.0,212.0,78.0,1648.0,1649.0,1644.0,1579.0,1283.0,1388.0,1277.0,1439.0,1292.0,1127.0,1230.0,1111.0,996.0,859.0,781.0,798.0,368.0,1863.0,1846.0,1837.0,1781.0,1547.0,1660.0,1488.0,1688.0,1548.0,1344.0,1437.0,1278.0,1158.0,975.0,940.0,1010.0,446.0,69.0,54.0,65.0,70.0,71.0,76.0,64.0,79.0,64.0,51.0,33.0,44.0,59.0,31.0,42.0,96.0,38.0
14.0,235.0,219.0,189.0,189.0,210.0,223.0,186.0,190.0,176.0,154.0,148.0,152.0,119.0,102.0,131.0,170.0,70.0,13.0,13.0,22.0,16.0,25.0,13.0,22.0,16.0,15.0,16.0,18.0,7.0,10.0,13.0,6.0,11.0,3.0,451.0,531.0,544.0,460.0,401.0,454.0,365.0,398.0,385.0,438.0,424.0,342.0,276.0,262.0,226.0,255.0,126.0,19.0,13.0,19.0,24.0,27.0,23.0,21.0,27.0,20.0,25.0,21.0,14.0,12.0,12.0,21.0,19.0,5.0,267.0,227.0,297.0,335.0,376.0,460.0,474.0,336.0,431.0,427.0,390.0,292.0,263.0,293.0,233.0,115.0,35.0,12.0,5.0,5.0,2.0,5.0,5.0,5.0,12.0,10.0,6.0,5.0,7.0,3.0,3.0,5.0,9.0,6.0,1374.0,1261.0,1256.0,1196.0,1172.0,1156.0,1111.0,1113.0,1075.0,841.0,887.0,825.0,954.0,752.0,692.0,634.0,277.0,0.0,0.0,0.0,0.0,0.0,0.0,0.0,0.0,0.0,0.0,0.0,0.0,0.0,0.0,0.0,0.0,0.0,533.0,532.0,479.0,390.0,378.0,358.0,350.0,337.0,248.0,400.0,498.0,346.0,282.0,226.0,161.0,199.0,87.0,193.0,220.0,233.0,186.0,171.0,202.0,127.0,187.0,196.0,194.0,161.0,184.0,138.0,105.0,156.0,135.0,78.0,1.0,1.0,1.0,0.0,2.0,1.0,0.0,2.0,1.0,1.0,2.0,2.0,1.0,1.0,2.0,4.0,1.0,459.0,457.0,446.0,401.0,413.0,453.0,339.0,416.0,402.0,379.0,335.0,357.0,272.0,222.0,313.0,333.0,159.0,2371.0,2337.0,2301.0,2062.0,1976.0,1981.0,1848.0,1864.0,1723.0,1695.0,1827.0,1520.0,1522.0,1253.0,1085.0,1099.0,493.0,2830.0,2794.0,2747.0,2463.0,2389.0,2434.0,2187.0,2280.0,2125.0,2074.0,2162.0,1877.0,1794.0,1475.0,1398.0,1432.0,652.0,176.0,173.0,192.0,146.0,121.0,160.0,107.0,160.0,138.0,110.0,82.0,95.0,85.0,69.0,109.0,161.0,65.0
15.0,593.0,559.0,481.0,479.0,464.0,462.0,455.0,460.0,395.0,375.0,351.0,313.0,231.0,228.0,270.0,319.0,146.0,24.0,20.0,28.0,22.0,20.0,18.0,14.0,21.0,21.0,12.0,11.0,7.0,5.0,16.0,11.0,20.0,15.0,562.0,464.0,478.0,457.0,513.0,540.0,488.0,506.0,515.0,466.0,536.0,450.0,361.0,282.0,202.0,277.0,88.0,41.0,47.0,35.0,43.0,30.0,40.0,49.0,38.0,33.0,30.0,51.0,44.0,20.0,28.0,24.0,27.0,7.0,584.0,717.0,690.0,840.0,816.0,1012.0,920.0,755.0,695.0,814.0,765.0,591.0,447.0,473.0,457.0,205.0,86.0,20.0,15.0,12.0,13.0,11.0,11.0,14.0,17.0,8.0,10.0,20.0,13.0,17.0,9.0,14.0,26.0,10.0,1106.0,1149.0,1146.0,1356.0,1057.0,1062.0,1114.0,1045.0,1074.0,984.0,894.0,948.0,979.0,739.0,645.0,596.0,270.0,0.0,0.0,0.0,0.0,0.0,0.0,0.0,0.0,0.0,0.0,0.0,0.0,0.0,0.0,0.0,0.0,0.0,519.0,570.0,479.0,461.0,377.0,416.0,303.0,381.0,300.0,502.0,570.0,328.0,280.0,186.0,171.0,170.0,86.0,318.0,315.0,351.0,307.0,292.0,308.0,275.0,267.0,290.0,246.0,216.0,246.0,197.0,121.0,170.0,217.0,79.0,7.0,3.0,3.0,4.0,2.0,4.0,4.0,4.0,7.0,5.0,5.0,6.0,3.0,3.0,8.0,9.0,8.0,972.0,936.0,879.0,842.0,797.0,821.0,793.0,782.0,726.0,661.0,638.0,616.0,465.0,386.0,478.0,589.0,242.0,2211.0,2203.0,2131.0,2296.0,1967.0,2036.0,1919.0,1953.0,1910.0,1964.0,2011.0,1733.0,1625.0,1223.0,1029.0,1063.0,459.0,3183.0,3139.0,3010.0,3138.0,2764.0,2857.0,2712.0,2735.0,2636.0,2625.0,2649.0,2349.0,2090.0,1609.0,1507.0,1652.0,701.0,367.0,369.0,366.0,328.0,288.0,294.0,242.0,305.0,269.0,238.0,253.0,239.0,178.0,128.0,177.0,306.0,123.0
16.0,1204.0,1236.0,939.0,1019.0,964.0,1011.0,1028.0,902.0,791.0,743.0,663.0,639.0,534.0,560.0,559.0,632.0,307.0,44.0,33.0,48.0,36.0,27.0,33.0,36.0,30.0,38.0,26.0,38.0,25.0,19.0,16.0,24.0,20.0,9.0,1032.0,1015.0,1057.0,969.0,1074.0,1068.0,1257.0,1209.0,1016.0,1170.0,1187.0,995.0,711.0,579.0,431.0,488.0,173.0,93.0,97.0,86.0,68.0,72.0,72.0,97.0,63.0,65.0,59.0,64.0,65.0,58.0,59.0,41.0,42.0,19.0,2007.0,2540.0,2775.0,2717.0,2753.0,2875.0,2402.0,2457.0,2016.0,2381.0,1975.0,1647.0,1418.0,1293.0,1300.0,406.0,219.0,28.0,37.0,38.0,19.0,26.0,27.0,18.0,29.0,29.0,25.0,32.0,36.0,21.0,27.0,18.0,51.0,12.0,2266.0,2188.0,2427.0,2293.0,2092.0,2259.0,2384.0,2358.0,2101.0,2037.0,2122.0,1917.0,1823.0,1476.0,1206.0,1002.0,526.0,0.0,0.0,0.0,0.0,0.0,0.0,0.0,0.0,0.0,0.0,0.0,0.0,0.0,0.0,0.0,0.0,0.0,907.0,893.0,772.0,749.0,867.0,816.0,622.0,663.0,550.0,662.0,567.0,468.0,347.0,307.0,334.0,328.0,153.0,781.0,766.0,771.0,619.0,666.0,661.0,693.0,782.0,747.0,651.0,547.0,551.0,565.0,420.0,364.0,426.0,193.0,5.0,17.0,3.0,9.0,11.0,5.0,2.0,9.0,3.0,7.0,12.0,11.0,12.0,6.0,8.0,9.0,17.0,2106.0,2136.0,1834.0,1725.0,1728.0,1771.0,1836.0,1776.0,1632.0,1478.0,1306.0,1291.0,1178.0,1066.0,982.0,1151.0,531.0,4249.0,4129.0,4304.0,4047.0,4060.0,4176.0,4299.0,4260.0,3705.0,3895.0,3914.0,3405.0,2900.0,2378.0,1995.0,1838.0,861.0,6355.0,6265.0,6138.0,5772.0,5788.0,5947.0,6135.0,6036.0,5337.0,5373.0,5220.0,4696.0,4078.0,3444.0,2977.0,2989.0,1392.0,794.0,847.0,738.0,597.0,621.0,628.0,630.0,663.0,616.0,563.0,519.0,541.0,428.0,385.0,415.0,537.0,249.0
17.0,846.0,780.0,668.0,797.0,868.0,805.0,825.0,831.0,685.0,634.0,594.0,516.0,454.0,479.0,467.0,569.0,317.0,31.0,28.0,21.0,22.0,27.0,25.0,23.0,25.0,23.0,10.0,14.0,11.0,15.0,19.0,21.0,25.0,6.0,877.0,701.0,774.0,738.0,949.0,851.0,916.0,947.0,1189.0,1210.0,1086.0,828.0,594.0,618.0,649.0,548.0,190.0,78.0,84.0,68.0,79.0,61.0,71.0,67.0,55.0,52.0,62.0,52.0,57.0,57.0,53.0,56.0,41.0,17.0,1066.0,1156.0,1205.0,1477.0,1308.0,1488.0,1877.0,1772.0,1576.0,1640.0,1662.0,1431.0,984.0,756.0,800.0,262.0,145.0,15.0,19.0,8.0,23.0,16.0,17.0,18.0,20.0,21.0,23.0,19.0,23.0,21.0,25.0,18.0,35.0,10.0,1970.0,1808.0,1964.0,1911.0,1947.0,1769.0,1939.0,1747.0,1636.0,1590.0,1767.0,1607.0,1661.0,1424.0,1216.0,1230.0,596.0,0.0,0.0,0.0,0.0,0.0,0.0,0.0,0.0,0.0,0.0,0.0,0.0,0.0,0.0,0.0,0.0,0.0,860.0,815.0,734.0,725.0,822.0,788.0,645.0,684.0,505.0,614.0,617.0,456.0,345.0,267.0,301.0,289.0,134.0,559.0,657.0,715.0,599.0,625.0,655.0,726.0,810.0,727.0,635.0,541.0,538.0,480.0,375.0,369.0,418.0,184.0,9.0,5.0,9.0,9.0,0.0,5.0,9.0,7.0,7.0,7.0,10.0,11.0,6.0,3.0,7.0,13.0,16.0,1498.0,1540.0,1459.0,1498.0,1570.0,1548.0,1636.0,1716.0,1485.0,1354.0,1206.0,1134.0,1012.0,932.0,910.0,1063.0,528.0,3738.0,3352.0,3493.0,3396.0,3745.0,3433.0,3523.0,3403.0,3353.0,3424.0,3484.0,2902.0,2615.0,2328.0,2187.0,2092.0,926.0,5236.0,4892.0,4952.0,4894.0,5315.0,4981.0,5159.0,5119.0,4838.0,4778.0,4690.0,4036.0,3627.0,3260.0,3097.0,3155.0,1454.0,566.0,642.0,631.0,518.0,557.0,509.0,590.0,688.0,654.0,561.0,504.0,453.0,387.0,357.0,380.0,514.0,245.0
18.0,214.0,204.0,191.0,220.0,267.0,259.0,247.0,235.0,255.0,221.0,189.0,165.0,125.0,139.0,150.0,188.0,90.0,16.0,14.0,14.0,13.0,10.0,15.0,10.0,5.0,10.0,6.0,5.0,4.0,2.0,8.0,6.0,11.0,1.0,416.0,304.0,350.0,355.0,436.0,452.0,547.0,552.0,635.0,623.0,526.0,409.0,375.0,299.0,225.0,368.0,159.0,33.0,28.0,18.0,17.0,17.0,40.0,25.0,23.0,19.0,28.0,23.0,24.0,17.0,20.0,24.0,16.0,7.0,199.0,168.0,205.0,230.0,244.0,347.0,329.0,308.0,349.0,485.0,409.0,326.0,252.0,219.0,193.0,69.0,24.0,3.0,7.0,5.0,4.0,2.0,5.0,5.0,3.0,8.0,9.0,9.0,10.0,5.0,10.0,7.0,15.0,4.0,1834.0,1136.0,1025.0,1050.0,1030.0,1052.0,1042.0,992.0,835.0,836.0,902.0,803.0,853.0,757.0,623.0,693.0,262.0,0.0,0.0,0.0,0.0,0.0,0.0,0.0,0.0,0.0,0.0,0.0,0.0,0.0,0.0,0.0,0.0,0.0,569.0,415.0,343.0,364.0,379.0,410.0,302.0,345.0,233.0,269.0,294.0,212.0,201.0,159.0,168.0,323.0,135.0,254.0,235.0,225.0,236.0,266.0,313.0,318.0,292.0,251.0,203.0,171.0,171.0,176.0,104.0,118.0,168.0,83.0,3.0,2.0,0.0,0.0,2.0,2.0,4.0,3.0,2.0,3.0,1.0,1.0,2.0,0.0,0.0,2.0,0.0,504.0,474.0,439.0,477.0,552.0,617.0,595.0,553.0,533.0,461.0,392.0,370.0,323.0,273.0,299.0,387.0,184.0,2835.0,1869.0,1732.0,1782.0,1855.0,1929.0,1901.0,1894.0,1713.0,1734.0,1727.0,1428.0,1431.0,1223.0,1022.0,1395.0,557.0,3339.0,2343.0,2171.0,2259.0,2407.0,2546.0,2496.0,2447.0,2246.0,2195.0,2119.0,1798.0,1754.0,1496.0,1321.0,1782.0,741.0,239.0,203.0,183.0,174.0,184.0,250.0,219.0,200.0,240.0,228.0,156.0,170.0,150.0,108.0,125.0,196.0,88.0
19.0,107.0,91.0,87.0,76.0,79.0,82.0,70.0,89.0,83.0,60.0,51.0,42.0,44.0,37.0,47.0,45.0,22.0,7.0,2.0,6.0,8.0,6.0,3.0,4.0,1.0,3.0,1.0,3.0,6.0,1.0,0.0,2.0,4.0,2.0,279.0,278.0,283.0,237.0,262.0,219.0,258.0,356.0,282.0,223.0,251.0,198.0,138.0,140.0,117.0,170.0,61.0,11.0,5.0,17.0,14.0,11.0,10.0,11.0,9.0,10.0,8.0,7.0,12.0,6.0,8.0,9.0,5.0,1.0,166.0,174.0,151.0,170.0,152.0,170.0,138.0,105.0,80.0,172.0,109.0,79.0,82.0,70.0,58.0,32.0,7.0,5.0,1.0,2.0,1.0,2.0,1.0,0.0,2.0,0.0,4.0,0.0,1.0,2.0,1.0,0.0,0.0,0.0,1074.0,1095.0,1042.0,975.0,912.0,863.0,913.0,867.0,808.0,876.0,729.0,770.0,682.0,584.0,651.0,525.0,269.0,0.0,0.0,0.0,0.0,0.0,0.0,0.0,0.0,0.0,0.0,0.0,0.0,0.0,0.0,0.0,0.0,0.0,233.0,273.0,137.0,167.0,185.0,144.0,159.0,131.0,89.0,86.0,96.0,126.0,53.0,57.0,56.0,66.0,42.0,113.0,103.0,106.0,106.0,130.0,117.0,92.0,102.0,67.0,57.0,60.0,83.0,91.0,44.0,48.0,40.0,18.0,0.0,2.0,1.0,0.0,1.0,1.0,0.0,1.0,0.0,1.0,1.0,0.0,1.0,0.0,1.0,3.0,0.0,236.0,200.0,212.0,197.0,222.0,210.0,173.0,202.0,160.0,129.0,118.0,138.0,143.0,90.0,104.0,90.0,41.0,1593.0,1648.0,1468.0,1387.0,1365.0,1229.0,1334.0,1355.0,1182.0,1186.0,1079.0,1100.0,874.0,781.0,826.0,765.0,374.0,1829.0,1848.0,1680.0,1584.0,1587.0,1439.0,1507.0,1557.0,1342.0,1315.0,1197.0,1238.0,1017.0,871.0,930.0,855.0,415.0,92.0,74.0,61.0,62.0,76.0,85.0,53.0,76.0,58.0,32.0,34.0,49.0,57.0,23.0,32.0,34.0,12.0
20.0,1404.0,1174.0,1052.0,1073.0,1017.0,1036.0,1060.0,995.0,952.0,843.0,744.0,720.0,565.0,530.0,571.0,611.0,331.0,55.0,37.0,49.0,21.0,19.0,28.0,25.0,30.0,25.0,26.0,20.0,17.0,16.0,14.0,12.0,13.0,13.0,852.0,768.0,960.0,895.0,992.0,1106.0,1273.0,1121.0,1078.0,971.0,996.0,820.0,618.0,586.0,547.0,565.0,239.0,112.0,103.0,110.0,78.0,90.0,86.0,115.0,74.0,75.0,59.0,65.0,42.0,56.0,48.0,48.0,41.0,22.0,2196.0,2299.0,2483.0,2870.0,2710.0,2331.0,2294.0,1947.0,1984.0,2247.0,2023.0,1711.0,1297.0,860.0,569.0,238.0,93.0,38.0,38.0,36.0,27.0,28.0,24.0,28.0,32.0,26.0,26.0,32.0,42.0,18.0,19.0,25.0,46.0,23.0,2861.0,2349.0,2422.0,2127.0,2197.0,2143.0,2121.0,1965.0,1821.0,1767.0,1840.0,1831.0,1790.0,1434.0,1258.0,1152.0,628.0,0.0,0.0,0.0,0.0,0.0,0.0,0.0,0.0,0.0,0.0,0.0,0.0,0.0,0.0,0.0,0.0,0.0,924.0,720.0,750.0,796.0,756.0,910.0,701.0,675.0,546.0,700.0,613.0,451.0,328.0,286.0,271.0,308.0,145.0,821.0,842.0,788.0,720.0,756.0,716.0,780.0,768.0,752.0,561.0,589.0,549.0,548.0,463.0,381.0,495.0,217.0,15.0,9.0,14.0,8.0,3.0,7.0,6.0,8.0,17.0,9.0,12.0,15.0,8.0,6.0,14.0,8.0,6.0,2375.0,2157.0,1986.0,1898.0,1891.0,1862.0,1983.0,1869.0,1805.0,1489.0,1430.0,1353.0,1187.0,1060.0,1025.0,1193.0,593.0,4692.0,3874.0,4181.0,3839.0,3964.0,4187.0,4120.0,3791.0,3470.0,3464.0,3469.0,3119.0,2752.0,2320.0,2088.0,2038.0,1025.0,7067.0,6031.0,6167.0,5737.0,5855.0,6049.0,6103.0,5660.0,5275.0,4953.0,4899.0,4472.0,3939.0,3380.0,3113.0,3231.0,1618.0,768.0,798.0,732.0,591.0,624.0,590.0,690.0,740.0,711.0,561.0,569.0,592.0,430.0,404.0,424.0,609.0,252.0
21.0,675.0,587.0,605.0,534.0,529.0,618.0,633.0,590.0,524.0,485.0,430.0,413.0,414.0,370.0,418.0,474.0,230.0,17.0,20.0,11.0,26.0,13.0,16.0,9.0,16.0,15.0,13.0,16.0,10.0,4.0,10.0,12.0,8.0,6.0,739.0,720.0,695.0,697.0,763.0,654.0,880.0,891.0,976.0,936.0,845.0,620.0,435.0,407.0,416.0,409.0,144.0,57.0,63.0,43.0,56.0,59.0,53.0,56.0,48.0,47.0,42.0,47.0,45.0,48.0,33.0,44.0,39.0,16.0,1151.0,1149.0,1172.0,1347.0,1120.0,1297.0,1673.0,1405.0,1301.0,1272.0,1105.0,1013.0,1000.0,720.0,634.0,294.0,128.0,16.0,17.0,23.0,17.0,10.0,24.0,16.0,8.0,14.0,22.0,14.0,13.0,20.0,18.0,17.0,38.0,17.0,2856.0,2775.0,2672.0,2711.0,2365.0,2210.0,2360.0,2283.0,1980.0,1824.0,1902.0,1912.0,2007.0,1848.0,1489.0,1480.0,723.0,0.0,0.0,0.0,0.0,0.0,0.0,0.0,0.0,0.0,0.0,0.0,0.0,0.0,0.0,0.0,0.0,0.0,872.0,836.0,788.0,722.0,894.0,773.0,627.0,753.0,484.0,621.0,632.0,446.0,319.0,292.0,316.0,295.0,154.0,512.0,518.0,526.0,515.0,568.0,566.0,556.0,645.0,655.0,439.0,494.0,493.0,525.0,361.0,374.0,368.0,203.0,5.0,4.0,2.0,6.0,1.0,6.0,4.0,7.0,5.0,5.0,8.0,6.0,6.0,6.0,3.0,10.0,5.0,1260.0,1185.0,1197.0,1122.0,1166.0,1261.0,1261.0,1291.0,1240.0,988.0,985.0,964.0,1007.0,782.0,853.0,919.0,466.0,4484.0,4351.0,4166.0,4156.0,4035.0,3653.0,3876.0,3943.0,3455.0,3394.0,3395.0,2988.0,2765.0,2557.0,2233.0,2192.0,1027.0,5744.0,5536.0,5363.0,5278.0,5201.0,4914.0,5137.0,5234.0,4695.0,4382.0,4380.0,3952.0,3772.0,3339.0,3086.0,3111.0,1493.0,510.0,466.0,526.0,434.0,446.0,505.0,538.0,536.0,538.0,375.0,380.0,444.0,435.0,348.0,387.0,521.0,235.0
22.0,423.0,393.0,265.0,270.0,302.0,240.0,270.0,280.0,251.0,213.0,180.0,199.0,169.0,145.0,156.0,237.0,107.0,36.0,28.0,19.0,21.0,9.0,27.0,21.0,10.0,10.0,7.0,7.0,11.0,8.0,9.0,9.0,14.0,5.0,441.0,410.0,279.0,248.0,307.0,259.0,264.0,351.0,281.0,247.0,300.0,252.0,229.0,214.0,147.0,187.0,65.0,35.0,29.0,19.0,16.0,27.0,19.0,22.0,27.0,20.0,19.0,20.0,24.0,23.0,15.0,27.0,17.0,10.0,499.0,479.0,489.0,679.0,546.0,596.0,645.0,507.0,472.0,457.0,390.0,417.0,337.0,392.0,245.0,113.0,52.0,19.0,16.0,22.0,17.0,10.0,11.0,13.0,20.0,13.0,10.0,12.0,11.0,9.0,10.0,7.0,11.0,7.0,1030.0,978.0,1067.0,1065.0,960.0,908.0,872.0,782.0,726.0,653.0,697.0,659.0,667.0,524.0,473.0,478.0,250.0,0.0,0.0,0.0,0.0,0.0,0.0,0.0,0.0,0.0,0.0,0.0,0.0,0.0,0.0,0.0,0.0,0.0,451.0,406.0,410.0,364.0,329.0,305.0,305.0,339.0,227.0,362.0,454.0,269.0,196.0,162.0,184.0,174.0,94.0,370.0,408.0,362.0,271.0,261.0,232.0,180.0,214.0,209.0,206.0,215.0,220.0,200.0,154.0,146.0,161.0,87.0,4.0,10.0,0.0,1.0,1.0,4.0,2.0,4.0,4.0,2.0,2.0,0.0,0.0,1.0,2.0,3.0,3.0,847.0,846.0,668.0,574.0,600.0,502.0,485.0,541.0,493.0,448.0,427.0,454.0,401.0,324.0,336.0,426.0,211.0,1958.0,1822.0,1775.0,1698.0,1605.0,1499.0,1462.0,1482.0,1244.0,1269.0,1458.0,1191.0,1100.0,909.0,813.0,853.0,414.0,2805.0,2668.0,2443.0,2272.0,2205.0,2001.0,1947.0,2023.0,1737.0,1717.0,1885.0,1645.0,1501.0,1233.0,1149.0,1279.0,625.0,313.0,379.0,287.0,247.0,205.0,160.0,148.0,201.0,176.0,139.0,148.0,135.0,122.0,105.0,119.0,199.0,103.0
23.0,150.0,136.0,130.0,139.0,149.0,183.0,143.0,142.0,126.0,101.0,91.0,97.0,78.0,62.0,87.0,91.0,43.0,14.0,16.0,28.0,10.0,12.0,16.0,8.0,8.0,9.0,10.0,8.0,14.0,7.0,14.0,9.0,15.0,0.0,364.0,448.0,467.0,379.0,353.0,283.0,354.0,341.0,325.0,424.0,440.0,303.0,287.0,206.0,210.0,261.0,107.0,12.0,21.0,13.0,13.0,11.0,13.0,13.0,12.0,10.0,15.0,20.0,18.0,9.0,14.0,20.0,14.0,9.0,187.0,174.0,234.0,206.0,235.0,311.0,338.0,254.0,248.0,243.0,294.0,234.0,223.0,164.0,142.0,58.0,29.0,3.0,5.0,2.0,5.0,3.0,2.0,4.0,3.0,3.0,4.0,0.0,3.0,4.0,2.0,2.0,4.0,1.0,1262.0,1135.0,1102.0,1055.0,920.0,920.0,968.0,881.0,898.0,729.0,722.0,695.0,707.0,612.0,588.0,653.0,232.0,0.0,0.0,0.0,0.0,0.0,0.0,0.0,0.0,0.0,0.0,0.0,0.0,0.0,0.0,0.0,0.0,0.0,454.0,354.0,342.0,333.0,307.0,303.0,241.0,238.0,214.0,281.0,213.0,215.0,173.0,156.0,170.0,182.0,74.0,155.0,117.0,105.0,91.0,109.0,125.0,100.0,113.0,125.0,141.0,140.0,139.0,111.0,79.0,88.0,118.0,54.0,1.0,1.0,3.0,2.0,3.0,0.0,1.0,0.0,1.0,0.0,0.0,2.0,0.0,0.0,2.0,1.0,0.0,320.0,279.0,250.0,248.0,272.0,323.0,260.0,270.0,264.0,261.0,251.0,257.0,202.0,157.0,197.0,227.0,107.0,2094.0,1953.0,1939.0,1777.0,1592.0,1522.0,1571.0,1468.0,1446.0,1444.0,1383.0,1227.0,1174.0,988.0,977.0,1111.0,413.0,2414.0,2232.0,2189.0,2025.0,1864.0,1845.0,1831.0,1738.0,1710.0,1705.0,1634.0,1484.0,1376.0,1145.0,1174.0,1338.0,520.0,108.0,83.0,79.0,89.0,89.0,111.0,71.0,74.0,73.0,84.0,56.0,67.0,73.0,47.0,57.0,95.0,44.0
24.0,987.0,904.0,778.0,762.0,791.0,726.0,689.0,716.0,714.0,696.0,616.0,651.0,558.0,586.0,611.0,868.0,394.0,36.0,23.0,26.0,23.0,19.0,28.0,23.0,33.0,29.0,23.0,29.0,21.0,7.0,11.0,22.0,27.0,10.0,554.0,542.0,490.0,475.0,500.0,505.0,491.0,566.0,612.0,756.0,614.0,633.0,498.0,447.0,355.0,327.0,168.0,78.0,74.0,56.0,61.0,42.0,60.0,55.0,50.0,42.0,50.0,59.0,53.0,55.0,50.0,52.0,59.0,25.0,2234.0,2483.0,2799.0,3650.0,3517.0,3542.0,2934.0,2329.0,2047.0,2485.0,2156.0,2389.0,2992.0,2361.0,2176.0,957.0,553.0,31.0,33.0,29.0,21.0,26.0,27.0,12.0,27.0,27.0,21.0,21.0,19.0,20.0,18.0,26.0,45.0,24.0,1817.0,1731.0,1932.0,2079.0,1794.0,1747.0,1862.0,1735.0,1467.0,1629.0,1642.0,1656.0,1475.0,1336.0,1109.0,1150.0,556.0,0.0,0.0,0.0,0.0,0.0,0.0,0.0,0.0,0.0,0.0,0.0,0.0,0.0,0.0,0.0,0.0,0.0,739.0,652.0,634.0,584.0,690.0,618.0,542.0,577.0,385.0,576.0,638.0,505.0,308.0,286.0,310.0,439.0,182.0,659.0,659.0,593.0,512.0,543.0,569.0,553.0,619.0,521.0,542.0,580.0,562.0,453.0,465.0,513.0,592.0,239.0,5.0,9.0,10.0,4.0,7.0,0.0,3.0,7.0,6.0,2.0,3.0,5.0,9.0,6.0,10.0,15.0,7.0,1755.0,1670.0,1456.0,1356.0,1402.0,1382.0,1309.0,1412.0,1304.0,1309.0,1276.0,1285.0,1086.0,1119.0,1202.0,1564.0,682.0,3146.0,2948.0,3082.0,3161.0,3003.0,2898.0,2918.0,2911.0,2493.0,2984.0,2923.0,2815.0,2288.0,2080.0,1796.0,1943.0,916.0,4901.0,4618.0,4538.0,4517.0,4405.0,4280.0,4227.0,4323.0,3797.0,4293.0,4199.0,4100.0,3374.0,3199.0,2998.0,3507.0,1598.0,717.0,742.0,687.0,521.0,519.0,477.0,400.0,506.0,484.0,454.0,519.0,537.0,389.0,406.0,500.0,733.0,302.0
25.0,462.0,353.0,314.0,322.0,312.0,281.0,265.0,239.0,247.0,215.0,210.0,206.0,172.0,169.0,204.0,223.0,93.0,26.0,15.0,35.0,10.0,11.0,12.0,9.0,14.0,4.0,4.0,9.0,3.0,10.0,6.0,8.0,15.0,4.0,389.0,289.0,359.0,324.0,339.0,285.0,267.0,331.0,232.0,280.0,302.0,171.0,224.0,192.0,169.0,179.0,140.0,27.0,28.0,28.0,19.0,15.0,18.0,12.0,15.0,16.0,21.0,21.0,19.0,13.0,20.0,33.0,26.0,17.0,629.0,545.0,512.0,535.0,341.0,542.0,578.0,385.0,459.0,488.0,462.0,401.0,337.0,291.0,207.0,109.0,36.0,17.0,16.0,11.0,14.0,6.0,8.0,4.0,7.0,11.0,9.0,6.0,13.0,10.0,3.0,6.0,9.0,2.0,1904.0,1839.0,2146.0,2085.0,1801.0,1932.0,1773.0,1788.0,1775.0,1634.0,1539.0,1614.0,1610.0,1610.0,1305.0,1513.0,745.0,0.0,0.0,0.0,0.0,0.0,0.0,0.0,0.0,0.0,0.0,0.0,0.0,0.0,0.0,0.0,0.0,0.0,487.0,412.0,431.0,448.0,369.0,356.0,282.0,311.0,245.0,324.0,362.0,359.0,304.0,236.0,225.0,170.0,83.0,231.0,230.0,248.0,199.0,225.0,218.0,191.0,226.0,202.0,196.0,191.0,196.0,135.0,103.0,159.0,190.0,110.0,5.0,6.0,3.0,2.0,2.0,4.0,5.0,3.0,1.0,3.0,3.0,4.0,3.0,2.0,3.0,4.0,4.0,737.0,627.0,601.0,554.0,558.0,525.0,472.0,487.0,476.0,441.0,428.0,434.0,330.0,295.0,402.0,448.0,222.0,2806.0,2555.0,2971.0,2867.0,2520.0,2585.0,2331.0,2444.0,2256.0,2242.0,2212.0,2147.0,2148.0,2044.0,1707.0,1877.0,972.0,3543.0,3182.0,3572.0,3421.0,3078.0,3110.0,2803.0,2931.0,2732.0,2683.0,2640.0,2581.0,2478.0,2339.0,2109.0,2325.0,1194.0,264.0,210.0,196.0,201.0,158.0,143.0,128.0,164.0,130.0,136.0,144.0,166.0,92.0,110.0,143.0,190.0,84.0
26.0,592.0,521.0,433.0,436.0,377.0,363.0,314.0,277.0,385.0,333.0,293.0,276.0,224.0,231.0,178.0,207.0,145.0,44.0,42.0,36.0,31.0,22.0,37.0,28.0,19.0,32.0,15.0,18.0,22.0,15.0,5.0,14.0,10.0,6.0,670.0,461.0,507.0,434.0,492.0,491.0,478.0,445.0,505.0,548.0,494.0,487.0,370.0,260.0,241.0,260.0,172.0,51.0,37.0,38.0,43.0,29.0,29.0,34.0,33.0,29.0,30.0,34.0,25.0,20.0,23.0,24.0,23.0,18.0,927.0,975.0,1258.0,1296.0,1151.0,954.0,908.0,887.0,809.0,820.0,775.0,823.0,517.0,366.0,268.0,139.0,47.0,20.0,13.0,11.0,13.0,8.0,9.0,7.0,11.0,9.0,5.0,6.0,8.0,9.0,8.0,8.0,7.0,3.0,1566.0,1732.0,2051.0,1824.0,1352.0,1325.0,1318.0,1295.0,1205.0,1127.0,1047.0,1137.0,1123.0,791.0,817.0,934.0,450.0,0.0,0.0,0.0,0.0,0.0,0.0,0.0,0.0,0.0,0.0,0.0,0.0,0.0,0.0,0.0,0.0,0.0,742.0,603.0,579.0,461.0,487.0,425.0,440.0,438.0,361.0,492.0,413.0,433.0,246.0,233.0,222.0,281.0,166.0,469.0,415.0,406.0,332.0,337.0,268.0,253.0,314.0,375.0,256.0,247.0,257.0,218.0,195.0,162.0,252.0,113.0,10.0,9.0,6.0,5.0,4.0,3.0,3.0,4.0,8.0,3.0,1.0,2.0,1.0,3.0,8.0,12.0,3.0,1132.0,986.0,888.0,824.0,751.0,669.0,608.0,635.0,798.0,624.0,580.0,566.0,471.0,457.0,372.0,489.0,279.0,3022.0,2838.0,3173.0,2750.0,2353.0,2278.0,2264.0,2197.0,2103.0,2182.0,1972.0,2079.0,1754.0,1289.0,1294.0,1485.0,794.0,4154.0,3824.0,4061.0,3574.0,3104.0,2947.0,2872.0,2832.0,2901.0,2806.0,2552.0,2645.0,2225.0,1746.0,1666.0,1974.0,1073.0,422.0,392.0,362.0,287.0,242.0,217.0,164.0,177.0,254.0,197.0,183.0,188.0,150.0,180.0,150.0,249.0,143.0
27.0,1255.0,1207.0,1032.0,978.0,837.0,778.0,791.0,697.0,618.0,576.0,490.0,475.0,382.0,406.0,448.0,525.0,257.0,23.0,38.0,22.0,20.0,18.0,18.0,22.0,20.0,16.0,18.0,14.0,12.0,7.0,7.0,10.0,10.0,8.0,718.0,600.0,576.0,570.0,646.0,563.0,637.0,633.0,575.0,544.0,580.0,593.0,421.0,330.0,315.0,366.0,163.0,80.0,76.0,55.0,51.0,54.0,35.0,42.0,63.0,36.0,52.0,50.0,50.0,48.0,44.0,47.0,44.0,36.0,4933.0,4824.0,4461.0,4028.0,4089.0,3208.0,2722.0,2162.0,2404.0,2345.0,1844.0,1985.0,2133.0,1920.0,1434.0,778.0,440.0,34.0,40.0,29.0,16.0,18.0,18.0,16.0,24.0,19.0,22.0,15.0,15.0,11.0,21.0,13.0,25.0,19.0,4141.0,4236.0,4461.0,4530.0,3649.0,3709.0,3898.0,4167.0,3640.0,3678.0,3530.0,3581.0,2978.0,2538.0,2547.0,3536.0,1603.0,0.0,0.0,0.0,0.0,0.0,0.0,0.0,0.0,0.0,0.0,0.0,0.0,0.0,1.0,0.0,0.0,0.0,940.0,911.0,883.0,906.0,794.0,916.0,756.0,704.0,564.0,708.0,749.0,703.0,519.0,436.0,434.0,470.0,262.0,684.0,709.0,621.0,625.0,606.0,522.0,537.0,607.0,531.0,505.0,509.0,499.0,407.0,400.0,350.0,458.0,225.0,16.0,15.0,14.0,6.0,4.0,10.0,6.0,8.0,5.0,4.0,3.0,4.0,7.0,13.0,5.0,8.0,4.0,2053.0,2032.0,1737.0,1670.0,1515.0,1353.0,1386.0,1391.0,1204.0,1155.0,1064.0,1039.0,848.0,871.0,858.0,1052.0,537.0,5822.0,5785.0,5942.0,6026.0,5107.0,5206.0,5313.0,5524.0,4795.0,4948.0,4873.0,4889.0,3925.0,3311.0,3306.0,4382.0,2036.0,7875.0,7817.0,7679.0,7696.0,6622.0,6559.0,6699.0,6915.0,5999.0,6103.0,5937.0,5928.0,4773.0,4182.0,4164.0,5434.0,2573.0,729.0,702.0,628.0,516.0,446.0,454.0,395.0,470.0,436.0,386.0,335.0,376.0,312.0,327.0,336.0,477.0,241.0
28.0,1238.0,1125.0,1074.0,1047.0,1077.0,922.0,892.0,940.0,956.0,706.0,756.0,747.0,635.0,592.0,696.0,866.0,454.0,43.0,29.0,30.0,30.0,30.0,28.0,26.0,21.0,27.0,14.0,18.0,25.0,15.0,22.0,7.0,19.0,11.0,625.0,694.0,548.0,619.0,649.0,683.0,550.0,614.0,607.0,631.0,689.0,644.0,409.0,374.0,353.0,308.0,167.0,92.0,99.0,79.0,79.0,64.0,59.0,72.0,75.0,69.0,68.0,68.0,62.0,46.0,67.0,73.0,77.0,34.0,5136.0,5547.0,6080.0,6014.0,6369.0,5918.0,5072.0,3916.0,3616.0,4046.0,3832.0,3693.0,4585.0,3964.0,3491.0,1888.0,863.0,44.0,43.0,43.0,17.0,27.0,28.0,23.0,20.0,23.0,23.0,28.0,32.0,26.0,37.0,34.0,66.0,20.0,2763.0,2768.0,3202.0,3292.0,2757.0,2855.0,2749.0,2738.0,2351.0,2458.0,2408.0,2409.0,2180.0,1925.0,1626.0,1734.0,842.0,0.0,0.0,0.0,0.0,0.0,0.0,0.0,0.0,0.0,0.0,0.0,0.0,0.0,0.0,0.0,0.0,0.0,918.0,836.0,857.0,805.0,821.0,994.0,760.0,723.0,499.0,700.0,709.0,728.0,483.0,423.0,427.0,554.0,218.0,896.0,887.0,840.0,811.0,783.0,849.0,782.0,840.0,796.0,733.0,755.0,743.0,596.0,556.0,619.0,691.0,318.0,9.0,8.0,10.0,5.0,6.0,9.0,4.0,5.0,6.0,1.0,7.0,5.0,5.0,6.0,11.0,20.0,10.0,2270.0,2154.0,2036.0,1954.0,1951.0,1858.0,1769.0,1875.0,1844.0,1530.0,1607.0,1584.0,1303.0,1252.0,1422.0,1700.0,826.0,4349.0,4327.0,4637.0,4746.0,4257.0,4560.0,4085.0,4096.0,3484.0,3803.0,3824.0,3806.0,3087.0,2744.0,2413.0,2615.0,1238.0,6619.0,6481.0,6673.0,6700.0,6208.0,6418.0,5854.0,5971.0,5328.0,5333.0,5431.0,5390.0,4390.0,3996.0,3835.0,4315.0,2064.0,904.0,912.0,849.0,726.0,690.0,671.0,552.0,672.0,608.0,552.0,622.0,614.0,505.0,491.0,639.0,883.0,394.0
29.0,582.0,502.0,455.0,471.0,391.0,406.0,418.0,448.0,401.0,390.0,345.0,373.0,324.0,310.0,350.0,425.0,193.0,33.0,31.0,19.0,22.0,21.0,12.0,20.0,17.0,17.0,13.0,9.0,16.0,10.0,4.0,7.0,20.0,5.0,535.0,507.0,530.0,598.0,560.0,430.0,437.0,587.0,690.0,682.0,708.0,587.0,355.0,290.0,238.0,265.0,159.0,77.0,47.0,59.0,49.0,51.0,47.0,52.0,58.0,47.0,47.0,44.0,42.0,31.0,33.0,46.0,31.0,19.0,1750.0,1858.0,2483.0,1999.0,1714.0,1755.0,1986.0,1694.0,1553.0,1862.0,1788.0,1335.0,1290.0,1219.0,877.0,377.0,139.0,24.0,21.0,16.0,13.0,12.0,15.0,9.0,18.0,15.0,7.0,9.0,12.0,19.0,12.0,11.0,28.0,17.0,1722.0,1418.0,1724.0,1578.0,1387.0,1375.0,1473.0,1393.0,1380.0,1213.0,1265.0,1389.0,1306.0,937.0,882.0,949.0,377.0,0.0,0.0,0.0,0.0,0.0,0.0,0.0,0.0,0.0,0.0,0.0,0.0,0.0,0.0,0.0,0.0,0.0,722.0,553.0,533.0,524.0,552.0,498.0,435.0,404.0,327.0,407.0,390.0,369.0,298.0,321.0,323.0,327.0,151.0,515.0,414.0,472.0,410.0,387.0,358.0,397.0,402.0,465.0,459.0,435.0,351.0,294.0,262.0,294.0,341.0,159.0,6.0,5.0,5.0,4.0,3.0,4.0,3.0,13.0,6.0,3.0,7.0,7.0,5.0,8.0,9.0,14.0,10.0,1198.0,984.0,1002.0,943.0,841.0,826.0,876.0,926.0,928.0,903.0,833.0,778.0,668.0,617.0,701.0,825.0,388.0,3012.0,2509.0,2806.0,2722.0,2520.0,2315.0,2365.0,2401.0,2414.0,2315.0,2372.0,2361.0,1969.0,1552.0,1450.0,1561.0,692.0,4210.0,3493.0,3808.0,3665.0,3361.0,3141.0,3241.0,3327.0,3342.0,3218.0,3205.0,3139.0,2637.0,2169.0,2151.0,2386.0,1080.0,550.0,443.0,444.0,367.0,343.0,288.0,301.0,362.0,326.0,318.0,323.0,317.0,236.0,258.0,316.0,405.0,198.0
30.0,187.0,198.0,178.0,183.0,191.0,148.0,168.0,168.0,207.0,160.0,165.0,181.0,114.0,123.0,127.0,152.0,67.0,17.0,16.0,11.0,14.0,12.0,17.0,21.0,15.0,20.0,8.0,7.0,10.0,7.0,8.0,10.0,7.0,8.0,537.0,541.0,443.0,425.0,497.0,357.0,406.0,401.0,413.0,445.0,518.0,374.0,324.0,200.0,199.0,253.0,132.0,22.0,22.0,22.0,12.0,20.0,15.0,24.0,17.0,20.0,19.0,40.0,30.0,16.0,14.0,17.0,10.0,8.0,252.0,210.0,259.0,347.0,397.0,320.0,385.0,357.0,343.0,373.0,290.0,238.0,205.0,148.0,136.0,55.0,16.0,8.0,9.0,3.0,3.0,4.0,4.0,4.0,2.0,4.0,5.0,2.0,4.0,0.0,0.0,6.0,2.0,1.0,1332.0,1180.0,1315.0,1158.0,1010.0,851.0,814.0,902.0,898.0,787.0,689.0,740.0,728.0,590.0,567.0,474.0,276.0,0.0,0.0,0.0,0.0,0.0,0.0,0.0,0.0,0.0,0.0,0.0,0.0,0.0,0.0,0.0,0.0,0.0,602.0,442.0,474.0,404.0,397.0,335.0,361.0,364.0,344.0,453.0,414.0,382.0,286.0,184.0,200.0,207.0,101.0,322.0,263.0,310.0,230.0,176.0,216.0,212.0,195.0,234.0,153.0,154.0,143.0,131.0,96.0,115.0,108.0,43.0,4.0,4.0,3.0,1.0,5.0,0.0,3.0,3.0,2.0,3.0,5.0,5.0,1.0,2.0,0.0,6.0,3.0,539.0,492.0,513.0,428.0,391.0,383.0,408.0,382.0,465.0,337.0,361.0,358.0,261.0,233.0,265.0,272.0,119.0,2488.0,2179.0,2243.0,2001.0,1916.0,1560.0,1602.0,1682.0,1675.0,1693.0,1628.0,1506.0,1345.0,982.0,976.0,941.0,517.0,3027.0,2671.0,2756.0,2429.0,2307.0,1943.0,2010.0,2064.0,2140.0,2030.0,1989.0,1864.0,1606.0,1215.0,1241.0,1213.0,636.0,188.0,181.0,136.0,134.0,119.0,101.0,96.0,87.0,126.0,100.0,90.0,104.0,72.0,67.0,102.0,108.0,47.0
31.0,250.0,205.0,199.0,201.0,199.0,189.0,181.0,179.0,185.0,190.0,166.0,126.0,125.0,136.0,124.0,126.0,75.0,28.0,20.0,21.0,28.0,11.0,16.0,19.0,16.0,18.0,17.0,7.0,11.0,19.0,9.0,8.0,17.0,3.0,485.0,550.0,529.0,433.0,467.0,439.0,387.0,420.0,390.0,511.0,476.0,377.0,323.0,211.0,185.0,239.0,137.0,31.0,27.0,19.0,12.0,23.0,18.0,18.0,23.0,14.0,17.0,24.0,22.0,14.0,22.0,18.0,17.0,7.0,340.0,283.0,327.0,345.0,420.0,457.0,394.0,385.0,390.0,424.0,335.0,328.0,285.0,239.0,199.0,77.0,30.0,5.0,5.0,3.0,5.0,4.0,5.0,4.0,8.0,0.0,4.0,0.0,2.0,5.0,7.0,3.0,5.0,3.0,1153.0,1189.0,1332.0,1258.0,1024.0,952.0,839.0,903.0,785.0,752.0,729.0,732.0,769.0,630.0,590.0,525.0,261.0,0.0,0.0,0.0,0.0,0.0,0.0,0.0,0.0,0.0,0.0,0.0,0.0,0.0,0.0,0.0,0.0,0.0,615.0,447.0,475.0,445.0,447.0,363.0,342.0,332.0,389.0,401.0,382.0,370.0,275.0,193.0,181.0,248.0,133.0,320.0,261.0,270.0,207.0,179.0,182.0,151.0,157.0,195.0,199.0,183.0,148.0,121.0,81.0,104.0,110.0,52.0,7.0,1.0,6.0,6.0,5.0,3.0,2.0,2.0,3.0,2.0,6.0,3.0,0.0,5.0,1.0,6.0,0.0,606.0,498.0,491.0,425.0,405.0,394.0,354.0,367.0,394.0,410.0,373.0,298.0,265.0,246.0,249.0,258.0,137.0,2281.0,2206.0,2357.0,2164.0,1949.0,1770.0,1587.0,1671.0,1582.0,1681.0,1594.0,1490.0,1386.0,1043.0,964.0,1029.0,534.0,2887.0,2704.0,2848.0,2589.0,2354.0,2164.0,1941.0,2038.0,1976.0,2091.0,1967.0,1788.0,1651.0,1289.0,1213.0,1287.0,671.0,222.0,188.0,183.0,144.0,132.0,126.0,108.0,107.0,111.0,117.0,95.0,79.0,92.0,101.0,96.0,129.0,69.0
32.0,206.0,187.0,154.0,149.0,126.0,137.0,125.0,85.0,100.0,93.0,57.0,61.0,60.0,75.0,50.0,77.0,36.0,11.0,12.0,10.0,11.0,16.0,10.0,4.0,10.0,6.0,6.0,1.0,2.0,3.0,1.0,13.0,5.0,0.0,786.0,668.0,687.0,754.0,555.0,593.0,617.0,614.0,526.0,544.0,591.0,544.0,384.0,310.0,251.0,281.0,115.0,25.0,19.0,18.0,17.0,15.0,20.0,15.0,17.0,10.0,12.0,10.0,11.0,15.0,12.0,20.0,9.0,7.0,164.0,177.0,194.0,217.0,185.0,156.0,156.0,161.0,146.0,94.0,70.0,73.0,49.0,30.0,34.0,13.0,4.0,6.0,6.0,3.0,4.0,3.0,3.0,2.0,2.0,1.0,0.0,1.0,0.0,0.0,1.0,3.0,0.0,0.0,2458.0,2531.0,2369.0,2125.0,1796.0,1884.0,2282.0,2332.0,2139.0,1987.0,1709.0,1560.0,1414.0,1432.0,1395.0,1384.0,606.0,0.0,0.0,0.0,0.0,0.0,0.0,0.0,0.0,0.0,0.0,0.0,0.0,0.0,0.0,0.0,0.0,0.0,436.0,393.0,396.0,372.0,378.0,347.0,330.0,305.0,277.0,365.0,400.0,377.0,323.0,136.0,166.0,172.0,87.0,305.0,259.0,238.0,230.0,180.0,195.0,173.0,176.0,189.0,174.0,132.0,121.0,132.0,99.0,85.0,140.0,54.0,2.0,1.0,0.0,3.0,1.0,0.0,0.0,0.0,0.0,2.0,0.0,0.0,2.0,0.0,0.0,2.0,2.0,542.0,471.0,413.0,400.0,324.0,355.0,315.0,280.0,300.0,279.0,200.0,193.0,207.0,187.0,158.0,226.0,97.0,3691.0,3604.0,3462.0,3262.0,2745.0,2834.0,3233.0,3261.0,2948.0,2902.0,2701.0,2483.0,2124.0,1879.0,1825.0,1842.0,808.0,4233.0,4075.0,3875.0,3662.0,3069.0,3189.0,3548.0,3541.0,3248.0,3181.0,2901.0,2676.0,2331.0,2066.0,1983.0,2068.0,905.0,188.0,175.0,139.0,136.0,92.0,109.0,82.0,88.0,85.0,65.0,54.0,55.0,62.0,46.0,53.0,92.0,35.0
33.0,238.0,206.0,171.0,138.0,128.0,140.0,144.0,127.0,112.0,121.0,116.0,110.0,89.0,90.0,106.0,112.0,42.0,17.0,21.0,15.0,7.0,9.0,10.0,13.0,14.0,4.0,12.0,8.0,11.0,7.0,3.0,10.0,5.0,6.0,375.0,456.0,353.0,323.0,331.0,360.0,344.0,321.0,335.0,339.0,367.0,360.0,222.0,162.0,160.0,137.0,68.0,36.0,26.0,22.0,21.0,17.0,22.0,27.0,10.0,16.0,28.0,17.0,20.0,12.0,13.0,16.0,14.0,6.0,327.0,273.0,276.0,275.0,281.0,248.0,276.0,206.0,254.0,302.0,274.0,218.0,175.0,157.0,109.0,34.0,9.0,6.0,8.0,12.0,6.0,4.0,5.0,2.0,7.0,6.0,3.0,4.0,4.0,4.0,0.0,4.0,5.0,0.0,996.0,983.0,1052.0,1110.0,914.0,992.0,802.0,952.0,926.0,968.0,791.0,801.0,740.0,598.0,606.0,582.0,336.0,0.0,0.0,0.0,0.0,0.0,0.0,0.0,0.0,0.0,0.0,0.0,0.0,0.0,0.0,0.0,0.0,0.0,425.0,353.0,366.0,344.0,386.0,237.0,262.0,265.0,286.0,392.0,382.0,344.0,240.0,177.0,156.0,167.0,70.0,200.0,170.0,192.0,176.0,148.0,162.0,145.0,125.0,143.0,137.0,118.0,119.0,129.0,101.0,77.0,138.0,54.0,2.0,5.0,3.0,1.0,2.0,0.0,2.0,0.0,2.0,2.0,0.0,2.0,1.0,2.0,3.0,4.0,0.0,480.0,410.0,397.0,341.0,297.0,329.0,318.0,269.0,277.0,289.0,255.0,253.0,234.0,204.0,203.0,269.0,102.0,1813.0,1813.0,1786.0,1784.0,1640.0,1599.0,1421.0,1552.0,1551.0,1711.0,1548.0,1516.0,1209.0,940.0,932.0,891.0,480.0,2293.0,2223.0,2183.0,2125.0,1937.0,1928.0,1739.0,1821.0,1828.0,2000.0,1803.0,1769.0,1443.0,1144.0,1135.0,1160.0,582.0,164.0,141.0,139.0,101.0,82.0,95.0,94.0,90.0,95.0,70.0,73.0,71.0,65.0,49.0,75.0,109.0,33.0
34.0,876.0,781.0,777.0,771.0,636.0,750.0,743.0,762.0,689.0,615.0,564.0,488.0,415.0,404.0,413.0,468.0,230.0,37.0,36.0,36.0,22.0,21.0,28.0,36.0,18.0,14.0,18.0,17.0,25.0,12.0,13.0,12.0,29.0,6.0,790.0,598.0,648.0,662.0,820.0,876.0,1083.0,1157.0,1157.0,939.0,1057.0,752.0,661.0,438.0,373.0,384.0,196.0,62.0,73.0,62.0,71.0,69.0,73.0,59.0,61.0,52.0,55.0,55.0,39.0,47.0,34.0,40.0,30.0,24.0,1489.0,1314.0,1543.0,2018.0,1887.0,1929.0,2040.0,1217.0,1291.0,1341.0,1323.0,1238.0,1180.0,856.0,570.0,228.0,103.0,23.0,18.0,20.0,19.0,16.0,17.0,19.0,22.0,21.0,25.0,21.0,25.0,26.0,18.0,24.0,26.0,12.0,1588.0,1661.0,1731.0,1805.0,1552.0,1630.0,1776.0,1825.0,1675.0,1537.0,1610.0,1668.0,1651.0,1341.0,1191.0,969.0,529.0,0.0,0.0,0.0,0.0,0.0,0.0,0.0,0.0,0.0,0.0,0.0,0.0,0.0,0.0,0.0,0.0,0.0,686.0,552.0,446.0,598.0,690.0,596.0,616.0,594.0,477.0,531.0,618.0,447.0,318.0,262.0,266.0,296.0,132.0,465.0,424.0,430.0,461.0,496.0,599.0,431.0,507.0,504.0,465.0,493.0,466.0,339.0,273.0,231.0,236.0,143.0,3.0,3.0,2.0,4.0,6.0,1.0,5.0,3.0,12.0,11.0,9.0,7.0,7.0,10.0,4.0,5.0,4.0,1426.0,1296.0,1289.0,1322.0,1217.0,1439.0,1252.0,1352.0,1266.0,1160.0,1133.0,1018.0,827.0,729.0,708.0,760.0,409.0,3101.0,2847.0,2861.0,3087.0,3083.0,3130.0,3511.0,3594.0,3323.0,3025.0,3302.0,2892.0,2642.0,2054.0,1842.0,1678.0,863.0,4527.0,4143.0,4150.0,4409.0,4300.0,4569.0,4763.0,4946.0,4589.0,4185.0,4435.0,3910.0,3469.0,2783.0,2550.0,2438.0,1272.0,612.0,527.0,526.0,524.0,477.0,551.0,516.0,635.0,590.0,558.0,553.0,538.0,409.0,353.0,353.0,437.0,194.0
35.0,329.0,260.0,241.0,207.0,195.0,165.0,187.0,222.0,217.0,213.0,176.0,168.0,121.0,118.0,117.0,114.0,69.0,17.0,26.0,18.0,12.0,17.0,10.0,7.0,10.0,21.0,15.0,4.0,10.0,5.0,9.0,6.0,13.0,5.0,354.0,475.0,445.0,373.0,351.0,421.0,378.0,339.0,383.0,492.0,448.0,400.0,261.0,187.0,187.0,200.0,106.0,35.0,36.0,32.0,28.0,23.0,21.0,28.0,24.0,19.0,23.0,11.0,24.0,16.0,19.0,24.0,18.0,9.0,426.0,362.0,381.0,392.0,467.0,368.0,428.0,381.0,363.0,391.0,354.0,290.0,169.0,158.0,147.0,63.0,16.0,10.0,7.0,12.0,9.0,8.0,4.0,4.0,6.0,3.0,1.0,5.0,4.0,7.0,6.0,3.0,5.0,3.0,1170.0,1274.0,1404.0,1303.0,991.0,1067.0,942.0,878.0,893.0,927.0,815.0,784.0,763.0,707.0,777.0,683.0,369.0,0.0,0.0,0.0,0.0,0.0,0.0,0.0,0.0,0.0,0.0,0.0,0.0,0.0,0.0,0.0,0.0,0.0,522.0,408.0,404.0,370.0,418.0,306.0,310.0,309.0,340.0,366.0,366.0,428.0,241.0,190.0,238.0,191.0,107.0,336.0,300.0,258.0,221.0,210.0,240.0,220.0,194.0,206.0,199.0,202.0,153.0,159.0,121.0,116.0,167.0,95.0,8.0,2.0,6.0,3.0,5.0,4.0,2.0,0.0,4.0,1.0,1.0,1.0,1.0,3.0,5.0,4.0,1.0,710.0,603.0,543.0,465.0,436.0,430.0,439.0,446.0,445.0,436.0,394.0,349.0,303.0,264.0,260.0,304.0,176.0,2063.0,2183.0,2271.0,2058.0,1777.0,1804.0,1637.0,1536.0,1637.0,1800.0,1633.0,1622.0,1270.0,1093.0,1208.0,1087.0,587.0,2773.0,2786.0,2814.0,2523.0,2213.0,2234.0,2076.0,1982.0,2082.0,2236.0,2027.0,1971.0,1573.0,1357.0,1468.0,1391.0,763.0,270.0,231.0,192.0,143.0,124.0,125.0,120.0,122.0,141.0,120.0,99.0,80.0,92.0,94.0,97.0,131.0,71.0
36.0,223.0,177.0,164.0,156.0,145.0,136.0,150.0,146.0,177.0,142.0,145.0,157.0,122.0,134.0,133.0,124.0,63.0,13.0,30.0,20.0,17.0,9.0,16.0,24.0,16.0,13.0,13.0,11.0,12.0,8.0,8.0,10.0,9.0,6.0,414.0,499.0,452.0,333.0,385.0,356.0,378.0,369.0,416.0,360.0,460.0,356.0,260.0,183.0,184.0,199.0,99.0,13.0,22.0,18.0,23.0,15.0,16.0,26.0,13.0,18.0,19.0,13.0,19.0,20.0,12.0,22.0,7.0,8.0,242.0,285.0,275.0,314.0,307.0,277.0,296.0,356.0,369.0,388.0,320.0,310.0,311.0,225.0,251.0,83.0,35.0,4.0,4.0,6.0,5.0,5.0,2.0,1.0,3.0,1.0,1.0,2.0,6.0,2.0,3.0,2.0,4.0,2.0,1348.0,1438.0,1416.0,1247.0,1096.0,1077.0,1146.0,1292.0,1297.0,1086.0,908.0,925.0,804.0,695.0,625.0,755.0,310.0,0.0,0.0,0.0,0.0,0.0,0.0,0.0,0.0,0.0,0.0,0.0,0.0,0.0,0.0,0.0,0.0,0.0,545.0,452.0,398.0,372.0,375.0,351.0,347.0,290.0,366.0,399.0,370.0,319.0,224.0,164.0,175.0,150.0,121.0,166.0,203.0,151.0,143.0,145.0,122.0,133.0,189.0,149.0,141.0,157.0,115.0,79.0,81.0,89.0,114.0,44.0,2.0,2.0,3.0,3.0,2.0,5.0,6.0,3.0,2.0,3.0,5.0,2.0,2.0,0.0,2.0,6.0,1.0,406.0,406.0,339.0,327.0,310.0,276.0,310.0,351.0,345.0,303.0,317.0,297.0,223.0,230.0,246.0,249.0,117.0,2320.0,2419.0,2286.0,1969.0,1865.0,1800.0,1895.0,1967.0,2092.0,1858.0,1749.0,1612.0,1296.0,1050.0,994.0,1113.0,536.0,2726.0,2825.0,2625.0,2296.0,2175.0,2076.0,2205.0,2318.0,2437.0,2161.0,2066.0,1909.0,1519.0,1280.0,1240.0,1362.0,653.0,159.0,156.0,125.0,102.0,86.0,98.0,76.0,84.0,107.0,88.0,95.0,100.0,70.0,74.0,88.0,104.0,55.0
37.0,876.0,781.0,680.0,687.0,670.0,647.0,602.0,601.0,625.0,546.0,554.0,513.0,426.0,443.0,495.0,557.0,253.0,34.0,43.0,44.0,36.0,26.0,21.0,28.0,25.0,16.0,14.0,25.0,18.0,13.0,19.0,29.0,20.0,9.0,595.0,506.0,551.0,551.0,502.0,497.0,585.0,550.0,735.0,803.0,676.0,532.0,389.0,302.0,284.0,271.0,156.0,76.0,74.0,77.0,60.0,66.0,49.0,54.0,50.0,47.0,54.0,50.0,51.0,35.0,54.0,54.0,36.0,19.0,3982.0,3674.0,4266.0,3875.0,4230.0,3983.0,3848.0,3296.0,3041.0,2899.0,2428.0,2302.0,2660.0,1840.0,1473.0,669.0,300.0,27.0,37.0,28.0,18.0,18.0,23.0,31.0,24.0,30.0,21.0,21.0,18.0,12.0,22.0,37.0,45.0,20.0,1766.0,1790.0,1892.0,1823.0,1805.0,1713.0,1839.0,1896.0,2144.0,1815.0,1889.0,1873.0,1819.0,1390.0,1234.0,1226.0,559.0,0.0,0.0,0.0,0.0,0.0,0.0,0.0,0.0,0.0,0.0,0.0,0.0,1.0,0.0,0.0,0.0,0.0,754.0,602.0,644.0,571.0,602.0,629.0,577.0,555.0,488.0,448.0,489.0,515.0,347.0,286.0,334.0,407.0,228.0,640.0,622.0,645.0,563.0,640.0,564.0,497.0,609.0,651.0,620.0,502.0,527.0,387.0,391.0,392.0,394.0,197.0,7.0,9.0,9.0,10.0,7.0,5.0,10.0,12.0,3.0,4.0,10.0,9.0,8.0,8.0,4.0,28.0,10.0,1619.0,1514.0,1430.0,1328.0,1394.0,1283.0,1184.0,1284.0,1353.0,1241.0,1127.0,1109.0,860.0,910.0,978.0,1032.0,489.0,3149.0,2941.0,3131.0,2981.0,2935.0,2860.0,3029.0,3026.0,3383.0,3080.0,3079.0,2938.0,2568.0,1997.0,1881.0,1924.0,952.0,4768.0,4455.0,4561.0,4309.0,4329.0,4143.0,4213.0,4310.0,4736.0,4321.0,4206.0,4047.0,3428.0,2907.0,2859.0,2956.0,1441.0,760.0,725.0,622.0,531.0,563.0,527.0,444.0,491.0,513.0,495.0,474.0,491.0,336.0,398.0,432.0,590.0,276.0
38.0,70.0,67.0,51.0,49.0,62.0,52.0,41.0,52.0,65.0,66.0,71.0,43.0,54.0,48.0,57.0,72.0,26.0,8.0,7.0,5.0,12.0,6.0,10.0,8.0,5.0,5.0,7.0,5.0,4.0,5.0,4.0,2.0,8.0,1.0,295.0,302.0,311.0,226.0,281.0,198.0,188.0,242.0,288.0,259.0,315.0,240.0,249.0,195.0,168.0,214.0,84.0,8.0,11.0,8.0,6.0,7.0,4.0,10.0,9.0,11.0,9.0,7.0,7.0,1.0,8.0,8.0,14.0,5.0,88.0,141.0,166.0,180.0,170.0,158.0,164.0,152.0,155.0,140.0,113.0,103.0,171.0,111.0,93.0,41.0,15.0,3.0,0.0,0.0,1.0,0.0,0.0,0.0,0.0,1.0,3.0,1.0,1.0,3.0,2.0,1.0,2.0,0.0,821.0,880.0,917.0,820.0,752.0,716.0,744.0,931.0,801.0,588.0,644.0,649.0,633.0,442.0,466.0,406.0,194.0,0.0,0.0,0.0,0.0,0.0,0.0,0.0,0.0,0.0,0.0,0.0,0.0,0.0,0.0,0.0,0.0,0.0,259.0,206.0,221.0,154.0,203.0,152.0,192.0,133.0,152.0,209.0,176.0,203.0,167.0,92.0,92.0,108.0,41.0,71.0,53.0,58.0,70.0,56.0,59.0,72.0,66.0,70.0,48.0,39.0,50.0,37.0,26.0,38.0,44.0,19.0,1.0,0.0,0.0,1.0,1.0,1.0,0.0,0.0,0.0,0.0,0.0,1.0,1.0,1.0,1.0,1.0,0.0,152.0,131.0,117.0,126.0,125.0,115.0,123.0,127.0,147.0,126.0,118.0,101.0,95.0,84.0,104.0,132.0,50.0,1383.0,1395.0,1454.0,1212.0,1242.0,1076.0,1132.0,1311.0,1246.0,1063.0,1140.0,1096.0,1054.0,733.0,728.0,736.0,320.0,1535.0,1526.0,1571.0,1338.0,1367.0,1191.0,1255.0,1438.0,1393.0,1189.0,1258.0,1197.0,1149.0,817.0,832.0,868.0,370.0,48.0,36.0,30.0,32.0,23.0,28.0,19.0,20.0,31.0,30.0,25.0,22.0,28.0,21.0,28.0,40.0,15.0
39.0,88.0,73.0,90.0,62.0,61.0,68.0,69.0,91.0,70.0,57.0,56.0,43.0,47.0,54.0,61.0,66.0,30.0,5.0,6.0,5.0,5.0,5.0,4.0,3.0,9.0,12.0,2.0,1.0,5.0,3.0,3.0,4.0,2.0,3.0,316.0,355.0,255.0,259.0,322.0,266.0,300.0,282.0,319.0,374.0,396.0,324.0,235.0,219.0,205.0,189.0,65.0,17.0,12.0,14.0,12.0,11.0,14.0,5.0,9.0,9.0,14.0,9.0,8.0,9.0,10.0,14.0,5.0,2.0,103.0,84.0,167.0,145.0,137.0,172.0,178.0,159.0,151.0,140.0,123.0,98.0,93.0,66.0,74.0,41.0,9.0,2.0,1.0,2.0,0.0,0.0,0.0,0.0,0.0,5.0,1.0,0.0,0.0,1.0,0.0,4.0,1.0,0.0,941.0,973.0,1018.0,968.0,901.0,869.0,871.0,972.0,891.0,820.0,707.0,746.0,695.0,572.0,624.0,632.0,332.0,0.0,0.0,0.0,0.0,0.0,0.0,0.0,0.0,0.0,0.0,0.0,0.0,0.0,0.0,0.0,0.0,0.0,290.0,238.0,269.0,205.0,231.0,193.0,183.0,199.0,203.0,199.0,203.0,216.0,164.0,110.0,132.0,125.0,57.0,99.0,57.0,79.0,69.0,58.0,78.0,54.0,71.0,71.0,74.0,71.0,58.0,63.0,43.0,45.0,75.0,29.0,1.0,1.0,1.0,1.0,1.0,0.0,1.0,0.0,0.0,0.0,0.0,1.0,0.0,0.0,0.0,1.0,1.0,206.0,143.0,185.0,143.0,130.0,160.0,128.0,171.0,155.0,146.0,136.0,109.0,120.0,107.0,124.0,147.0,61.0,1552.0,1572.0,1547.0,1437.0,1459.0,1332.0,1357.0,1462.0,1425.0,1395.0,1307.0,1291.0,1097.0,904.0,965.0,948.0,457.0,1758.0,1715.0,1732.0,1580.0,1589.0,1492.0,1485.0,1633.0,1580.0,1541.0,1443.0,1400.0,1217.0,1011.0,1089.0,1095.0,518.0,47.0,51.0,50.0,37.0,33.0,39.0,29.0,33.0,46.0,25.0,38.0,23.0,33.0,20.0,28.0,65.0,22.0
40.0,137.0,136.0,139.0,108.0,108.0,81.0,93.0,101.0,105.0,85.0,79.0,79.0,80.0,69.0,67.0,84.0,27.0,12.0,14.0,5.0,5.0,6.0,6.0,6.0,3.0,5.0,5.0,3.0,3.0,1.0,2.0,1.0,0.0,0.0,305.0,311.0,221.0,333.0,417.0,309.0,247.0,256.0,279.0,321.0,291.0,286.0,226.0,162.0,143.0,137.0,50.0,22.0,17.0,16.0,17.0,14.0,13.0,7.0,17.0,10.0,23.0,14.0,15.0,5.0,15.0,14.0,24.0,15.0,208.0,215.0,186.0,160.0,247.0,287.0,303.0,228.0,269.0,267.0,262.0,192.0,139.0,171.0,141.0,53.0,29.0,1.0,1.0,1.0,1.0,2.0,0.0,1.0,0.0,2.0,2.0,1.0,1.0,2.0,2.0,2.0,2.0,2.0,1101.0,1126.0,1105.0,1198.0,1074.0,1281.0,1033.0,1016.0,944.0,833.0,802.0,829.0,822.0,620.0,578.0,584.0,294.0,0.0,0.0,0.0,0.0,0.0,0.0,0.0,0.0,0.0,0.0,0.0,0.0,0.0,0.0,0.0,0.0,0.0,290.0,256.0,245.0,319.0,241.0,203.0,170.0,231.0,184.0,205.0,200.0,196.0,128.0,106.0,108.0,113.0,60.0,135.0,118.0,123.0,120.0,117.0,115.0,83.0,110.0,108.0,100.0,82.0,87.0,70.0,57.0,66.0,77.0,39.0,2.0,1.0,0.0,0.0,0.0,1.0,0.0,1.0,0.0,0.0,1.0,2.0,2.0,0.0,4.0,14.0,3.0,295.0,272.0,279.0,246.0,241.0,209.0,184.0,228.0,225.0,210.0,176.0,182.0,157.0,143.0,149.0,187.0,83.0,1708.0,1707.0,1576.0,1855.0,1738.0,1799.0,1456.0,1506.0,1412.0,1364.0,1296.0,1314.0,1177.0,890.0,830.0,834.0,404.0,2003.0,1979.0,1855.0,2101.0,1979.0,2008.0,1640.0,1734.0,1637.0,1574.0,1472.0,1496.0,1334.0,1033.0,979.0,1021.0,487.0,79.0,71.0,63.0,61.0,62.0,45.0,33.0,49.0,38.0,32.0,36.0,26.0,35.0,29.0,54.0,77.0,35.0
41.0,52.0,49.0,53.0,53.0,39.0,36.0,35.0,31.0,28.0,28.0,24.0,33.0,30.0,31.0,35.0,41.0,16.0,4.0,5.0,3.0,4.0,12.0,1.0,4.0,0.0,2.0,2.0,4.0,4.0,0.0,2.0,1.0,0.0,0.0,186.0,148.0,129.0,142.0,119.0,105.0,96.0,127.0,141.0,161.0,162.0,130.0,93.0,97.0,115.0,109.0,25.0,7.0,9.0,3.0,9.0,10.0,8.0,4.0,11.0,4.0,2.0,5.0,4.0,6.0,6.0,9.0,10.0,7.0,92.0,122.0,112.0,98.0,93.0,89.0,71.0,78.0,88.0,102.0,115.0,132.0,121.0,87.0,65.0,25.0,9.0,0.0,2.0,0.0,0.0,0.0,1.0,1.0,1.0,1.0,0.0,0.0,1.0,0.0,1.0,1.0,1.0,1.0,1549.0,1344.0,1252.0,1103.0,1130.0,1231.0,1182.0,1223.0,1072.0,888.0,928.0,1001.0,902.0,764.0,770.0,791.0,306.0,0.0,0.0,0.0,0.0,0.0,0.0,0.0,0.0,0.0,0.0,0.0,0.0,0.0,0.0,0.0,0.0,0.0,354.0,135.0,183.0,159.0,131.0,136.0,100.0,94.0,83.0,89.0,72.0,93.0,80.0,120.0,69.0,112.0,34.0,24.0,18.0,16.0,15.0,21.0,21.0,20.0,19.0,23.0,12.0,25.0,25.0,10.0,16.0,22.0,26.0,7.0,3.0,6.0,1.0,0.0,0.0,0.0,0.0,0.0,1.0,0.0,0.0,1.0,0.0,0.0,3.0,1.0,1.0,83.0,78.0,72.0,77.0,70.0,66.0,60.0,62.0,56.0,42.0,54.0,63.0,46.0,54.0,67.0,78.0,31.0,2093.0,1632.0,1567.0,1408.0,1392.0,1473.0,1382.0,1444.0,1298.0,1140.0,1166.0,1228.0,1075.0,983.0,955.0,1012.0,365.0,2176.0,1710.0,1639.0,1485.0,1462.0,1539.0,1442.0,1506.0,1354.0,1182.0,1220.0,1291.0,1121.0,1037.0,1022.0,1090.0,396.0,18.0,30.0,15.0,11.0,11.0,9.0,7.0,11.0,13.0,5.0,7.0,18.0,4.0,8.0,18.0,19.0,6.0
42.0,180.0,191.0,188.0,168.0,175.0,181.0,186.0,180.0,140.0,137.0,153.0,122.0,125.0,139.0,146.0,200.0,115.0,3.0,6.0,1.0,3.0,0.0,2.0,2.0,0.0,1.0,2.0,2.0,0.0,1.0,1.0,5.0,5.0,2.0,456.0,372.0,381.0,310.0,278.0,291.0,308.0,242.0,201.0,236.0,162.0,227.0,228.0,135.0,165.0,187.0,100.0,23.0,26.0,20.0,18.0,23.0,19.0,23.0,32.0,24.0,19.0,28.0,39.0,37.0,37.0,39.0,80.0,33.0,214.0,219.0,234.0,230.0,281.0,286.0,278.0,316.0,291.0,332.0,313.0,254.0,197.0,164.0,121.0,65.0,28.0,2.0,3.0,3.0,0.0,2.0,5.0,0.0,2.0,0.0,1.0,2.0,2.0,1.0,2.0,1.0,3.0,2.0,9241.0,8382.0,7569.0,7551.0,6668.0,6628.0,6819.0,7210.0,6614.0,6502.0,6586.0,7080.0,6672.0,5814.0,6274.0,6877.0,3675.0,0.0,0.0,0.0,0.0,0.0,0.0,0.0,0.0,0.0,0.0,0.0,0.0,0.0,0.0,0.0,0.0,0.0,383.0,224.0,280.0,382.0,265.0,273.0,248.0,273.0,175.0,239.0,228.0,118.0,135.0,126.0,134.0,213.0,135.0,282.0,268.0,253.0,256.0,303.0,304.0,310.0,320.0,315.0,375.0,360.0,300.0,250.0,214.0,264.0,392.0,208.0,4.0,0.0,2.0,0.0,1.0,0.0,0.0,0.0,1.0,0.0,0.0,0.0,0.0,2.0,4.0,0.0,1.0,487.0,488.0,464.0,442.0,503.0,509.0,519.0,534.0,479.0,532.0,543.0,463.0,413.0,392.0,450.0,675.0,358.0,10083.0,8984.0,8231.0,8246.0,7211.0,7194.0,7377.0,7725.0,6991.0,6979.0,6978.0,7425.0,7036.0,6076.0,6578.0,7282.0,3912.0,10570.0,9472.0,8695.0,8688.0,7714.0,7703.0,7896.0,8259.0,7470.0,7511.0,7521.0,7888.0,7449.0,6468.0,7028.0,7957.0,4270.0,123.0,113.0,103.0,93.0,117.0,81.0,88.0,80.0,89.0,73.0,52.0,61.0,45.0,50.0,63.0,110.0,56.0
43.0,71.0,56.0,67.0,79.0,49.0,73.0,68.0,61.0,54.0,45.0,63.0,37.0,30.0,43.0,29.0,34.0,22.0,4.0,2.0,1.0,6.0,2.0,2.0,4.0,5.0,0.0,1.0,2.0,0.0,0.0,1.0,2.0,1.0,1.0,399.0,544.0,557.0,513.0,468.0,362.0,415.0,435.0,299.0,242.0,291.0,431.0,229.0,151.0,153.0,169.0,63.0,18.0,10.0,14.0,14.0,18.0,17.0,16.0,10.0,13.0,13.0,11.0,18.0,12.0,13.0,22.0,23.0,10.0,69.0,60.0,47.0,67.0,76.0,100.0,108.0,87.0,81.0,76.0,70.0,70.0,57.0,49.0,38.0,18.0,7.0,1.0,0.0,3.0,0.0,1.0,0.0,0.0,0.0,0.0,0.0,2.0,0.0,0.0,0.0,0.0,0.0,1.0,2300.0,2320.0,2344.0,2080.0,1818.0,1872.0,2124.0,2255.0,1993.0,1997.0,1904.0,1746.0,1662.0,1459.0,1259.0,1308.0,698.0,0.0,0.0,0.0,0.0,0.0,0.0,0.0,0.0,0.0,0.0,0.0,0.0,0.0,0.0,0.0,0.0,0.0,337.0,238.0,242.0,282.0,200.0,216.0,204.0,203.0,191.0,200.0,219.0,214.0,166.0,123.0,77.0,106.0,62.0,151.0,211.0,159.0,179.0,146.0,158.0,147.0,160.0,152.0,132.0,123.0,108.0,107.0,81.0,92.0,103.0,46.0,0.0,1.0,0.0,0.0,0.0,0.0,0.0,0.0,1.0,0.0,0.0,1.0,0.0,0.0,0.0,0.0,0.0,241.0,277.0,243.0,272.0,214.0,248.0,231.0,231.0,219.0,190.0,199.0,163.0,149.0,137.0,143.0,160.0,79.0,3040.0,3104.0,3144.0,2881.0,2488.0,2452.0,2747.0,2898.0,2483.0,2440.0,2416.0,2391.0,2057.0,1734.0,1491.0,1584.0,824.0,3281.0,3381.0,3387.0,3153.0,2702.0,2700.0,2978.0,3129.0,2702.0,2630.0,2615.0,2554.0,2206.0,1871.0,1634.0,1744.0,903.0,85.0,108.0,70.0,90.0,61.0,43.0,37.0,59.0,47.0,33.0,33.0,31.0,34.0,22.0,33.0,44.0,29.0
44.0,98.0,99.0,77.0,85.0,72.0,71.0,77.0,82.0,66.0,81.0,91.0,80.0,67.0,52.0,75.0,91.0,40.0,4.0,5.0,4.0,3.0,4.0,3.0,2.0,1.0,1.0,1.0,2.0,3.0,0.0,8.0,4.0,3.0,2.0,446.0,495.0,471.0,517.0,482.0,404.0,388.0,437.0,305.0,296.0,313.0,450.0,243.0,215.0,199.0,265.0,81.0,10.0,12.0,18.0,24.0,19.0,22.0,15.0,18.0,24.0,28.0,18.0,21.0,19.0,21.0,30.0,23.0,11.0,165.0,191.0,210.0,239.0,222.0,160.0,181.0,122.0,126.0,185.0,184.0,204.0,157.0,115.0,75.0,44.0,7.0,5.0,0.0,2.0,2.0,2.0,1.0,5.0,0.0,0.0,1.0,0.0,0.0,0.0,0.0,1.0,0.0,0.0,2044.0,2068.0,2006.0,1963.0,1647.0,1676.0,1782.0,2052.0,2030.0,2068.0,1962.0,1969.0,1900.0,1487.0,1451.0,1409.0,708.0,0.0,0.0,0.0,0.0,0.0,0.0,0.0,0.0,0.0,0.0,0.0,0.0,0.0,0.0,0.0,0.0,0.0,251.0,171.0,201.0,254.0,179.0,175.0,151.0,165.0,172.0,155.0,202.0,235.0,178.0,87.0,116.0,137.0,64.0,214.0,258.0,188.0,183.0,187.0,172.0,147.0,201.0,200.0,200.0,233.0,275.0,280.0,169.0,157.0,196.0,85.0,1.0,1.0,0.0,0.0,2.0,0.0,0.0,0.0,0.0,0.0,0.0,0.0,0.0,0.0,1.0,0.0,1.0,327.0,369.0,285.0,294.0,280.0,266.0,244.0,301.0,290.0,310.0,342.0,376.0,366.0,242.0,263.0,310.0,136.0,2745.0,2739.0,2682.0,2737.0,2312.0,2258.0,2323.0,2655.0,2508.0,2520.0,2479.0,2657.0,2321.0,1797.0,1770.0,1814.0,855.0,3072.0,3108.0,2967.0,3031.0,2592.0,2524.0,2567.0,2956.0,2798.0,2830.0,2821.0,3033.0,2687.0,2039.0,2033.0,2124.0,991.0,97.0,111.0,53.0,68.0,64.0,49.0,43.0,59.0,47.0,52.0,44.0,44.0,58.0,29.0,42.0,63.0,26.0
45.0,122.0,101.0,77.0,92.0,76.0,79.0,83.0,86.0,82.0,79.0,81.0,75.0,74.0,64.0,71.0,65.0,36.0,9.0,10.0,7.0,15.0,9.0,5.0,7.0,7.0,4.0,8.0,7.0,5.0,5.0,3.0,4.0,0.0,1.0,354.0,441.0,334.0,251.0,291.0,320.0,265.0,266.0,320.0,301.0,378.0,353.0,292.0,236.0,218.0,196.0,76.0,17.0,12.0,15.0,14.0,12.0,7.0,11.0,8.0,8.0,15.0,12.0,9.0,6.0,15.0,14.0,10.0,8.0,198.0,189.0,288.0,319.0,267.0,227.0,239.0,237.0,242.0,214.0,177.0,163.0,227.0,166.0,174.0,53.0,22.0,1.0,4.0,1.0,3.0,1.0,2.0,3.0,1.0,0.0,0.0,2.0,4.0,2.0,4.0,1.0,3.0,1.0,1157.0,1262.0,1377.0,1300.0,1237.0,1180.0,1006.0,1284.0,1098.0,1035.0,949.0,1048.0,965.0,918.0,854.0,770.0,400.0,0.0,0.0,0.0,0.0,0.0,0.0,0.0,0.0,0.0,0.0,0.0,0.0,0.0,0.0,0.0,0.0,0.0,375.0,311.0,315.0,290.0,285.0,251.0,218.0,246.0,202.0,192.0,222.0,258.0,225.0,128.0,131.0,138.0,58.0,87.0,121.0,99.0,102.0,92.0,85.0,92.0,100.0,113.0,81.0,87.0,70.0,83.0,58.0,70.0,67.0,43.0,4.0,2.0,0.0,0.0,0.0,0.0,0.0,0.0,0.0,1.0,0.0,0.0,1.0,0.0,0.0,0.0,1.0,227.0,238.0,192.0,211.0,181.0,173.0,189.0,195.0,203.0,175.0,182.0,158.0,165.0,141.0,156.0,145.0,88.0,1895.0,2024.0,2033.0,1856.0,1822.0,1756.0,1496.0,1803.0,1624.0,1536.0,1556.0,1664.0,1487.0,1285.0,1207.0,1104.0,535.0,2122.0,2262.0,2225.0,2067.0,2003.0,1929.0,1685.0,1998.0,1827.0,1711.0,1738.0,1822.0,1652.0,1426.0,1363.0,1249.0,623.0,56.0,65.0,54.0,39.0,41.0,34.0,45.0,28.0,49.0,39.0,41.0,34.0,47.0,30.0,52.0,50.0,30.0
46.0,262.0,211.0,179.0,155.0,172.0,144.0,120.0,150.0,110.0,134.0,151.0,114.0,98.0,81.0,112.0,129.0,70.0,13.0,9.0,6.0,4.0,10.0,9.0,4.0,3.0,2.0,1.0,2.0,3.0,1.0,4.0,2.0,1.0,1.0,212.0,207.0,235.0,277.0,237.0,235.0,216.0,230.0,208.0,171.0,174.0,199.0,96.0,104.0,99.0,105.0,55.0,27.0,33.0,22.0,21.0,20.0,21.0,14.0,23.0,20.0,19.0,30.0,15.0,19.0,22.0,33.0,26.0,20.0,715.0,706.0,716.0,650.0,840.0,843.0,839.0,571.0,551.0,577.0,642.0,668.0,435.0,467.0,229.0,69.0,20.0,6.0,6.0,4.0,4.0,0.0,3.0,6.0,3.0,1.0,4.0,4.0,5.0,1.0,5.0,9.0,6.0,2.0,1677.0,1613.0,1564.0,1652.0,1469.0,1441.0,1307.0,1455.0,1230.0,1255.0,1228.0,1428.0,1185.0,1020.0,966.0,975.0,451.0,0.0,0.0,0.0,0.0,0.0,0.0,0.0,0.0,0.0,0.0,0.0,0.0,0.0,0.0,0.0,0.0,0.0,278.0,208.0,166.0,184.0,199.0,186.0,149.0,129.0,122.0,144.0,171.0,211.0,151.0,89.0,136.0,100.0,45.0,299.0,230.0,205.0,208.0,213.0,161.0,164.0,172.0,150.0,161.0,158.0,142.0,112.0,97.0,104.0,141.0,43.0,2.0,1.0,7.0,4.0,2.0,0.0,4.0,1.0,1.0,3.0,5.0,1.0,0.0,2.0,2.0,6.0,3.0,594.0,480.0,410.0,388.0,405.0,329.0,304.0,348.0,281.0,318.0,343.0,276.0,230.0,205.0,258.0,302.0,135.0,2180.0,2037.0,1971.0,2117.0,1915.0,1871.0,1676.0,1817.0,1562.0,1571.0,1575.0,1841.0,1433.0,1217.0,1203.0,1181.0,552.0,2774.0,2517.0,2381.0,2505.0,2320.0,2200.0,1980.0,2165.0,1843.0,1889.0,1918.0,2117.0,1663.0,1422.0,1461.0,1483.0,687.0,116.0,84.0,100.0,78.0,72.0,45.0,42.0,59.0,68.0,78.0,75.0,68.0,52.0,48.0,75.0,94.0,41.0
47.0,144.0,96.0,85.0,85.0,72.0,64.0,59.0,53.0,49.0,48.0,38.0,34.0,19.0,31.0,31.0,43.0,15.0,11.0,13.0,4.0,6.0,6.0,5.0,2.0,3.0,2.0,7.0,2.0,6.0,3.0,5.0,0.0,1.0,1.0,471.0,573.0,555.0,498.0,513.0,475.0,373.0,358.0,373.0,353.0,411.0,396.0,274.0,225.0,139.0,193.0,93.0,9.0,17.0,13.0,11.0,3.0,19.0,10.0,18.0,18.0,9.0,20.0,9.0,8.0,12.0,10.0,8.0,12.0,183.0,149.0,163.0,129.0,139.0,134.0,146.0,83.0,106.0,139.0,82.0,102.0,58.0,60.0,49.0,26.0,6.0,4.0,4.0,3.0,0.0,3.0,0.0,1.0,3.0,1.0,0.0,3.0,1.0,1.0,0.0,0.0,1.0,0.0,1521.0,1592.0,1628.0,1472.0,1274.0,1390.0,1328.0,1449.0,1494.0,1374.0,1276.0,1230.0,1146.0,871.0,840.0,870.0,449.0,0.0,0.0,0.0,0.0,0.0,0.0,0.0,0.0,0.0,0.0,0.0,0.0,0.0,0.0,0.0,0.0,0.0,254.0,204.0,183.0,254.0,258.0,202.0,172.0,182.0,167.0,201.0,229.0,222.0,220.0,101.0,96.0,106.0,51.0,160.0,142.0,138.0,159.0,93.0,119.0,93.0,84.0,91.0,102.0,77.0,76.0,88.0,47.0,72.0,80.0,36.0,1.0,2.0,0.0,2.0,0.0,0.0,0.0,1.0,0.0,0.0,0.0,0.0,0.0,0.0,0.0,3.0,0.0,317.0,259.0,239.0,255.0,171.0,202.0,163.0,158.0,159.0,159.0,138.0,120.0,116.0,90.0,113.0,132.0,63.0,2257.0,2382.0,2370.0,2230.0,2051.0,2072.0,1875.0,1992.0,2036.0,1935.0,1918.0,1854.0,1643.0,1202.0,1075.0,1170.0,594.0,2574.0,2641.0,2609.0,2485.0,2222.0,2274.0,2038.0,2150.0,2195.0,2094.0,2056.0,1974.0,1759.0,1292.0,1188.0,1302.0,657.0,91.0,76.0,63.0,67.0,56.0,44.0,32.0,32.0,44.0,44.0,35.0,30.0,33.0,17.0,36.0,44.0,22.0
48.0,155.0,143.0,123.0,119.0,115.0,90.0,111.0,102.0,97.0,110.0,114.0,91.0,70.0,56.0,65.0,71.0,34.0,7.0,2.0,7.0,2.0,7.0,7.0,2.0,2.0,3.0,7.0,2.0,2.0,2.0,6.0,1.0,1.0,2.0,341.0,255.0,187.0,249.0,313.0,204.0,194.0,240.0,217.0,199.0,210.0,250.0,137.0,95.0,107.0,123.0,49.0,25.0,10.0,22.0,15.0,17.0,10.0,17.0,19.0,17.0,13.0,19.0,18.0,11.0,17.0,18.0,28.0,14.0,547.0,357.0,446.0,410.0,516.0,459.0,401.0,303.0,206.0,278.0,231.0,202.0,129.0,141.0,79.0,47.0,13.0,4.0,4.0,8.0,3.0,7.0,2.0,1.0,4.0,1.0,4.0,3.0,7.0,2.0,2.0,3.0,2.0,2.0,1408.0,1450.0,1246.0,1300.0,1297.0,1262.0,1195.0,1186.0,1002.0,1008.0,1012.0,1032.0,872.0,702.0,711.0,700.0,382.0,0.0,0.0,0.0,0.0,0.0,0.0,0.0,0.0,0.0,0.0,0.0,0.0,0.0,0.0,0.0,0.0,0.0,217.0,161.0,188.0,150.0,145.0,146.0,146.0,143.0,124.0,118.0,165.0,138.0,90.0,86.0,107.0,90.0,47.0,248.0,223.0,172.0,207.0,218.0,181.0,142.0,163.0,141.0,172.0,137.0,119.0,115.0,74.0,59.0,96.0,44.0,2.0,2.0,1.0,0.0,1.0,0.0,0.0,1.0,1.0,0.0,2.0,2.0,2.0,2.0,2.0,14.0,2.0,432.0,380.0,325.0,344.0,357.0,283.0,271.0,288.0,256.0,299.0,273.0,235.0,198.0,149.0,145.0,197.0,94.0,1973.0,1868.0,1628.0,1701.0,1762.0,1619.0,1537.0,1571.0,1346.0,1332.0,1389.0,1422.0,1101.0,889.0,926.0,914.0,480.0,2405.0,2248.0,1953.0,2045.0,2119.0,1902.0,1808.0,1859.0,1602.0,1631.0,1662.0,1657.0,1299.0,1038.0,1071.0,1111.0,574.0,112.0,102.0,68.0,65.0,68.0,47.0,37.0,60.0,48.0,65.0,47.0,48.0,49.0,30.0,40.0,67.0,23.0
49.0,289.0,249.0,228.0,211.0,221.0,197.0,190.0,186.0,188.0,186.0,187.0,177.0,147.0,135.0,125.0,140.0,54.0,12.0,6.0,11.0,15.0,3.0,8.0,3.0,2.0,3.0,6.0,7.0,5.0,4.0,1.0,4.0,2.0,1.0,377.0,531.0,499.0,473.0,378.0,330.0,381.0,295.0,314.0,311.0,254.0,212.0,181.0,172.0,165.0,178.0,101.0,35.0,38.0,30.0,24.0,30.0,25.0,27.0,25.0,24.0,18.0,25.0,15.0,19.0,27.0,26.0,26.0,17.0,838.0,770.0,780.0,704.0,952.0,826.0,775.0,735.0,605.0,602.0,424.0,450.0,325.0,262.0,182.0,74.0,32.0,7.0,8.0,4.0,5.0,6.0,3.0,2.0,5.0,2.0,3.0,4.0,5.0,4.0,7.0,5.0,5.0,1.0,1604.0,1376.0,1350.0,1378.0,1314.0,1353.0,1288.0,1109.0,996.0,1057.0,1024.0,954.0,938.0,778.0,733.0,761.0,468.0,0.0,0.0,0.0,0.0,0.0,0.0,0.0,0.0,0.0,0.0,0.0,0.0,0.0,0.0,0.0,0.0,0.0,363.0,266.0,182.0,266.0,187.0,200.0,160.0,179.0,134.0,173.0,169.0,140.0,92.0,114.0,105.0,102.0,55.0,410.0,353.0,375.0,387.0,288.0,254.0,252.0,289.0,307.0,256.0,238.0,197.0,132.0,113.0,99.0,150.0,68.0,6.0,5.0,5.0,4.0,3.0,2.0,4.0,1.0,0.0,5.0,5.0,9.0,7.0,5.0,4.0,9.0,3.0,741.0,648.0,637.0,627.0,545.0,479.0,471.0,505.0,521.0,463.0,454.0,394.0,302.0,282.0,255.0,321.0,140.0,2356.0,2179.0,2042.0,2132.0,1882.0,1891.0,1832.0,1585.0,1447.0,1547.0,1454.0,1311.0,1215.0,1065.0,1007.0,1043.0,625.0,3097.0,2827.0,2679.0,2759.0,2427.0,2370.0,2303.0,2090.0,1968.0,2010.0,1908.0,1705.0,1517.0,1347.0,1262.0,1364.0,765.0,198.0,190.0,177.0,123.0,109.0,84.0,95.0,77.0,111.0,117.0,83.0,121.0,79.0,92.0,90.0,94.0,39.0
50.0,131.0,94.0,116.0,83.0,102.0,116.0,99.0,88.0,94.0,112.0,81.0,68.0,61.0,54.0,61.0,70.0,37.0,5.0,10.0,4.0,6.0,5.0,4.0,6.0,9.0,6.0,8.0,7.0,3.0,3.0,0.0,4.0,3.0,1.0,256.0,296.0,287.0,345.0,336.0,358.0,245.0,284.0,327.0,325.0,344.0,296.0,226.0,212.0,186.0,161.0,96.0,24.0,25.0,16.0,13.0,14.0,11.0,9.0,13.0,17.0,15.0,16.0,15.0,11.0,11.0,11.0,13.0,6.0,167.0,115.0,142.0,151.0,237.0,267.0,263.0,263.0,280.0,222.0,177.0,149.0,152.0,125.0,102.0,52.0,8.0,2.0,4.0,0.0,2.0,2.0,2.0,8.0,0.0,0.0,1.0,1.0,6.0,1.0,2.0,3.0,6.0,0.0,1206.0,1216.0,1029.0,1191.0,1212.0,1192.0,951.0,996.0,943.0,913.0,844.0,810.0,778.0,642.0,545.0,567.0,309.0,0.0,0.0,0.0,0.0,0.0,0.0,0.0,0.0,0.0,0.0,0.0,0.0,0.0,0.0,0.0,0.0,0.0,292.0,237.0,214.0,321.0,252.0,190.0,134.0,150.0,152.0,199.0,180.0,148.0,95.0,92.0,86.0,126.0,81.0,167.0,139.0,134.0,153.0,151.0,145.0,81.0,127.0,115.0,131.0,101.0,104.0,128.0,82.0,70.0,101.0,43.0,4.0,1.0,0.0,0.0,3.0,1.0,1.0,1.0,4.0,2.0,2.0,2.0,2.0,3.0,8.0,6.0,1.0,324.0,262.0,266.0,251.0,269.0,274.0,197.0,228.0,226.0,259.0,199.0,193.0,201.0,149.0,145.0,190.0,86.0,1759.0,1759.0,1534.0,1863.0,1805.0,1744.0,1336.0,1439.0,1428.0,1445.0,1375.0,1257.0,1102.0,946.0,821.0,857.0,487.0,2083.0,2021.0,1800.0,2114.0,2074.0,2018.0,1533.0,1667.0,1654.0,1704.0,1574.0,1450.0,1303.0,1095.0,966.0,1047.0,573.0,100.0,84.0,64.0,71.0,81.0,56.0,41.0,43.0,51.0,49.0,40.0,48.0,44.0,46.0,50.0,86.0,28.0
