,Aggravated assault/battery_2006,Aggravated assault/battery_2007,Aggravated assault/battery_2008,Aggravated assault/battery_2009,Aggravated assault/battery_2010,Aggravated assault/battery_2011,Aggravated assault/battery_2012,Aggravated assault/battery_2013,Aggravated assault/battery_2014,Aggravated assault/battery_2015,Aggravated assault/battery_2016,Arson_2006,Arson_2007,Arson_2008,Arson_2009,Arson_2010,Arson_2011,Arson_2012,Arson_2013,Arson_2014,Arson_2015,Arson_2016,Burglary_2006,Burglary_2007,Burglary_2008,Burglary_2009,Burglary_2010,Burglary_2011,Burglary_2012,Burglary_2013,Burglary_2014,Burglary_2015,Burglary_2016,Criminal sexual assault_2006,Criminal sexual assault_2007,Criminal sexual assault_2008,Criminal sexual assault_2009,Criminal sexual assault_2010,Criminal sexual assault_2011,Criminal sexual assault_2012,Criminal sexual assault_2013,Criminal sexual assault_2014,Criminal sexual assault_2015,Criminal sexual assault_2016,Drug abuse_2006,Drug abuse_2007,Drug abuse_2008,Drug abuse_2009,Drug abuse_2010,Drug abuse_2011,Drug abuse_2012,Drug abuse_2013,Drug abuse_2014,Drug abuse_2015,Drug abuse_2016,Homicide_2006,Homicide_2007,Homicide_2008,Homicide_2009,Homicide_2010,Homicide_2011,Homicide_2012,Homicide_2013,Homicide_2014,Homicide_2015,Homicide_2016,Larceny_2006,Larceny_2007,Larceny_2008,Larceny_2009,Larceny_2010,Larceny_2011,Larceny_2012,Larceny_2013,Larceny_2014,Larceny_2015,Larceny_2016,Manslaughter_2006,Manslaughter_2007,Manslaughter_2008,Manslaughter_2009,Manslaughter_2010,Manslaughter_2011,Manslaughter_2012,Manslaughter_2013,Manslaughter_2014,Manslaughter_2015,Manslaughter_2016,Motor vehicle theft_2006,Motor vehicle theft_2007,Motor vehicle theft_2008,Motor vehicle theft_2009,Motor vehicle theft_2010,Motor vehicle theft_2011,Motor vehicle theft_2012,Motor vehicle theft_2013,Motor vehicle theft_2014,Motor vehicle theft_2015,Motor vehicle theft_2016,Robbery_2006,Robbery_2007,Robbery_2008,Robbery_2009,Robbery_2010,Robbery_2011,Robbery_2012,Robbery_2013,Robbery_2014,Robbery_2015,Robbery_2016,Weapons violation_2006,Weapons violation_2007,Weapons violation_2008,Weapons violation_2009,Weapons violation_2010,Weapons violation_2011,Weapons violation_2012,Weapons violation_2013,Weapons violation_2014,Weapons violation_2015,Weapons violation_2016,Violent_2006,Violent_2007,Violent_2008,Violent_2009,Violent_2010,Violent_2011,Violent_2012,Violent_2013,Violent_2014,Violent_2015,Violent_2016,Property_2006,Property_2007,Property_2008,Property_2009,Property_2010,Property_2011,Property_2012,Property_2013,Property_2014,Property_2015,Property_2016,Index_2006,Index_2007,Index_2008,Index_2009,Index_2010,Index_2011,Index_2012,Index_2013,Index_2014,Index_2015,Index_2016,Public_2006,Public_2007,Public_2008,Public_2009,Public_2010,Public_2011,Public_2012,Public_2013,Public_2014,Public_2015,Public_2016
1.0,95.0,91.0,93.0,86.0,74.0,91.0,106.0,85.0,81.0,87.0,83.0,11.0,3.0,8.0,9.0,5.0,3.0,5.0,3.0,9.0,1.0,1.0,265.0,240.0,195.0,225.0,179.0,173.0,202.0,186.0,191.0,154.0,138.0,0.0,0.0,0.0,0.0,0.0,0.0,0.0,0.0,0.0,0.0,0.0,26.0,26.0,39.0,52.0,39.0,58.0,50.0,84.0,87.0,78.0,205.0,1.0,0.0,1.0,2.0,2.0,0.0,0.0,0.0,0.0,1.0,0.0,3565.0,3642.0,3581.0,3426.0,3358.0,3617.0,3766.0,3506.0,3122.0,3212.0,3319.0,0.0,0.0,1.0,1.0,1.0,0.0,0.0,0.0,0.0,0.0,0.0,72.0,63.0,58.0,51.0,39.0,55.0,42.0,26.0,30.0,20.0,50.0,124.0,133.0,115.0,106.0,102.0,106.0,90.0,77.0,54.0,86.0,63.0,22.0,43.0,57.0,55.0,56.0,61.0,52.0,41.0,49.0,52.0,44.0,220.0,224.0,209.0,194.0,178.0,197.0,196.0,162.0,135.0,174.0,146.0,3913.0,3948.0,3842.0,3711.0,3581.0,3848.0,4015.0,3721.0,3352.0,3387.0,3508.0,4133.0,4172.0,4051.0,3905.0,3759.0,4045.0,4211.0,3883.0,3487.0,3561.0,3654.0,242.0,267.0,267.0,250.0,235.0,258.0,248.0,203.0,184.0,226.0,190.0
5.0,93.0,112.0,137.0,147.0,120.0,118.0,138.0,138.0,120.0,133.0,122.0,3.0,1.0,12.0,13.0,5.0,6.0,10.0,14.0,9.0,7.0,7.0,135.0,115.0,138.0,134.0,118.0,112.0,127.0,85.0,95.0,80.0,73.0,0.0,0.0,0.0,0.0,0.0,0.0,0.0,0.0,0.0,0.0,0.0,72.0,101.0,92.0,111.0,85.0,69.0,93.0,94.0,86.0,86.0,105.0,1.0,2.0,2.0,1.0,1.0,0.0,3.0,3.0,2.0,1.0,0.0,1079.0,1040.0,1158.0,1095.0,1169.0,1012.0,1120.0,1299.0,1218.0,1167.0,1174.0,0.0,0.0,0.0,1.0,0.0,0.0,0.0,0.0,0.0,0.0,0.0,36.0,36.0,18.0,20.0,13.0,26.0,20.0,14.0,25.0,19.0,7.0,104.0,130.0,113.0,113.0,92.0,111.0,100.0,88.0,67.0,86.0,97.0,50.0,50.0,64.0,48.0,53.0,40.0,32.0,45.0,42.0,59.0,52.0,198.0,244.0,252.0,261.0,213.0,229.0,241.0,229.0,189.0,220.0,219.0,1253.0,1192.0,1326.0,1262.0,1305.0,1156.0,1277.0,1412.0,1347.0,1273.0,1261.0,1451.0,1436.0,1578.0,1523.0,1518.0,1385.0,1518.0,1641.0,1536.0,1493.0,1480.0,248.0,294.0,316.0,310.0,266.0,269.0,273.0,274.0,231.0,279.0,271.0
6.0,110.0,112.0,91.0,95.0,81.0,103.0,108.0,123.0,105.0,92.0,102.0,3.0,3.0,4.0,0.0,1.0,3.0,2.0,2.0,0.0,1.0,1.0,267.0,205.0,278.0,236.0,174.0,184.0,148.0,141.0,171.0,153.0,110.0,0.0,0.0,0.0,0.0,0.0,0.0,0.0,0.0,0.0,0.0,0.0,469.0,560.0,359.0,312.0,335.0,496.0,370.0,332.0,344.0,193.0,140.0,2.0,5.0,0.0,0.0,1.0,1.0,0.0,2.0,2.0,0.0,0.0,2539.0,2569.0,2747.0,2643.0,2367.0,2143.0,2275.0,2606.0,2149.0,2313.0,1936.0,0.0,0.0,0.0,0.0,0.0,0.0,0.0,0.0,0.0,0.0,0.0,69.0,79.0,41.0,38.0,46.0,48.0,34.0,34.0,41.0,33.0,33.0,218.0,209.0,191.0,150.0,136.0,150.0,139.0,129.0,90.0,117.0,109.0,36.0,57.0,24.0,40.0,31.0,33.0,50.0,54.0,68.0,59.0,57.0,330.0,326.0,282.0,245.0,218.0,254.0,247.0,254.0,197.0,209.0,211.0,2878.0,2856.0,3070.0,2917.0,2588.0,2378.0,2459.0,2783.0,2361.0,2500.0,2080.0,3208.0,3182.0,3352.0,3162.0,2806.0,2632.0,2706.0,3037.0,2558.0,2709.0,2291.0,366.0,383.0,306.0,285.0,249.0,287.0,297.0,308.0,265.0,268.0,268.0
7.0,102.0,118.0,86.0,125.0,124.0,119.0,113.0,105.0,152.0,141.0,148.0,3.0,13.0,13.0,6.0,12.0,10.0,9.0,11.0,29.0,17.0,6.0,128.0,119.0,108.0,77.0,105.0,95.0,114.0,70.0,62.0,90.0,59.0,0.0,0.0,0.0,0.0,0.0,0.0,0.0,0.0,0.0,0.0,0.0,295.0,393.0,364.0,417.0,353.0,354.0,338.0,247.0,270.0,298.0,360.0,2.0,2.0,3.0,2.0,1.0,6.0,0.0,1.0,0.0,1.0,0.0,911.0,902.0,1091.0,917.0,1004.0,836.0,987.0,925.0,943.0,1007.0,1108.0,0.0,0.0,0.0,0.0,1.0,0.0,0.0,0.0,0.0,0.0,0.0,81.0,55.0,76.0,45.0,50.0,41.0,32.0,25.0,28.0,29.0,35.0,169.0,208.0,175.0,157.0,121.0,127.0,143.0,139.0,110.0,103.0,126.0,111.0,119.0,81.0,121.0,121.0,125.0,142.0,118.0,87.0,87.0,69.0,273.0,328.0,264.0,284.0,246.0,252.0,256.0,245.0,262.0,245.0,274.0,1123.0,1089.0,1288.0,1045.0,1171.0,982.0,1142.0,1031.0,1062.0,1143.0,1208.0,1396.0,1417.0,1552.0,1329.0,1417.0,1234.0,1398.0,1276.0,1324.0,1388.0,1482.0,384.0,447.0,345.0,405.0,368.0,377.0,398.0,363.0,349.0,332.0,343.0
9.0,149.0,168.0,154.0,152.0,149.0,138.0,167.0,154.0,153.0,131.0,175.0,9.0,3.0,7.0,7.0,11.0,12.0,13.0,9.0,16.0,15.0,10.0,264.0,190.0,217.0,274.0,215.0,211.0,188.0,165.0,134.0,130.0,115.0,0.0,0.0,0.0,0.0,0.0,0.0,0.0,0.0,0.0,0.0,0.0,389.0,395.0,472.0,351.0,396.0,550.0,535.0,440.0,361.0,427.0,394.0,1.0,0.0,3.0,4.0,4.0,1.0,1.0,2.0,1.0,1.0,4.0,1863.0,1774.0,1940.0,2020.0,2007.0,1937.0,1940.0,2057.0,1857.0,1750.0,1862.0,0.0,0.0,0.0,0.0,0.0,0.0,0.0,0.0,0.0,0.0,0.0,77.0,90.0,92.0,66.0,50.0,52.0,61.0,47.0,34.0,46.0,46.0,236.0,186.0,214.0,179.0,184.0,173.0,166.0,130.0,98.0,118.0,150.0,116.0,220.0,150.0,215.0,136.0,96.0,97.0,90.0,78.0,84.0,92.0,386.0,354.0,371.0,335.0,337.0,312.0,334.0,286.0,252.0,250.0,329.0,2213.0,2057.0,2256.0,2367.0,2283.0,2212.0,2202.0,2278.0,2041.0,1941.0,2033.0,2599.0,2411.0,2627.0,2702.0,2620.0,2524.0,2536.0,2564.0,2293.0,2191.0,2362.0,502.0,574.0,521.0,550.0,473.0,408.0,431.0,376.0,330.0,334.0,421.0
10.0,160.0,167.0,178.0,137.0,140.0,96.0,95.0,104.0,128.0,126.0,108.0,6.0,7.0,5.0,10.0,10.0,2.0,5.0,10.0,8.0,11.0,6.0,187.0,114.0,138.0,120.0,120.0,141.0,107.0,117.0,89.0,81.0,88.0,0.0,0.0,0.0,0.0,0.0,0.0,0.0,0.0,0.0,0.0,0.0,338.0,228.0,251.0,195.0,216.0,299.0,317.0,350.0,335.0,314.0,279.0,3.0,0.0,4.0,1.0,0.0,3.0,2.0,1.0,0.0,1.0,0.0,1907.0,1713.0,1806.0,1664.0,1616.0,1721.0,1919.0,1919.0,1738.0,1637.0,1604.0,0.0,0.0,0.0,1.0,0.0,0.0,0.0,0.0,1.0,0.0,0.0,80.0,64.0,55.0,47.0,49.0,44.0,26.0,40.0,32.0,30.0,29.0,185.0,153.0,181.0,149.0,137.0,157.0,130.0,119.0,101.0,117.0,106.0,99.0,141.0,163.0,112.0,62.0,73.0,59.0,80.0,68.0,65.0,73.0,348.0,320.0,363.0,287.0,277.0,256.0,227.0,224.0,229.0,244.0,214.0,2180.0,1898.0,2004.0,1841.0,1795.0,1908.0,2057.0,2086.0,1867.0,1759.0,1727.0,2528.0,2218.0,2367.0,2128.0,2072.0,2164.0,2284.0,2310.0,2096.0,2003.0,1941.0,447.0,461.0,526.0,400.0,339.0,329.0,286.0,304.0,298.0,309.0,287.0
13.0,139.0,195.0,162.0,153.0,128.0,123.0,121.0,126.0,170.0,186.0,155.0,6.0,6.0,6.0,7.0,4.0,3.0,7.0,8.0,10.0,7.0,5.0,437.0,355.0,363.0,351.0,264.0,257.0,198.0,229.0,269.0,267.0,186.0,0.0,0.0,0.0,0.0,0.0,0.0,0.0,0.0,0.0,0.0,0.0,101.0,141.0,111.0,100.0,119.0,120.0,104.0,93.0,87.0,130.0,122.0,2.0,3.0,1.0,1.0,3.0,2.0,1.0,1.0,0.0,2.0,1.0,3682.0,4025.0,3955.0,3865.0,3642.0,3563.0,3713.0,4008.0,3639.0,3853.0,3570.0,0.0,0.0,0.0,0.0,0.0,0.0,0.0,0.0,0.0,0.0,0.0,87.0,78.0,82.0,61.0,47.0,39.0,33.0,47.0,52.0,52.0,24.0,289.0,233.0,219.0,180.0,188.0,183.0,181.0,126.0,131.0,155.0,122.0,72.0,93.0,110.0,89.0,89.0,72.0,52.0,71.0,79.0,164.0,187.0,430.0,431.0,382.0,334.0,319.0,308.0,303.0,253.0,301.0,343.0,278.0,4212.0,4464.0,4406.0,4284.0,3957.0,3862.0,3951.0,4292.0,3970.0,4179.0,3785.0,4642.0,4895.0,4788.0,4618.0,4276.0,4170.0,4254.0,4545.0,4271.0,4522.0,4063.0,502.0,524.0,492.0,423.0,408.0,380.0,355.0,324.0,380.0,507.0,465.0
14.0,175.0,187.0,158.0,157.0,171.0,171.0,182.0,169.0,152.0,172.0,184.0,3.0,12.0,5.0,1.0,2.0,2.0,1.0,1.0,3.0,2.0,1.0,632.0,545.0,472.0,430.0,350.0,331.0,322.0,350.0,290.0,305.0,249.0,0.0,0.0,0.0,0.0,0.0,0.0,0.0,0.0,0.0,0.0,0.0,425.0,362.0,202.0,218.0,274.0,337.0,547.0,495.0,439.0,355.0,520.0,3.0,2.0,1.0,2.0,0.0,2.0,1.0,2.0,0.0,6.0,2.0,7117.0,7332.0,7182.0,7301.0,7190.0,6851.0,6524.0,6734.0,6244.0,5959.0,5383.0,0.0,0.0,0.0,0.0,0.0,0.0,1.0,0.0,0.0,0.0,0.0,34.0,32.0,25.0,29.0,21.0,23.0,20.0,21.0,25.0,27.0,24.0,275.0,243.0,227.0,215.0,163.0,168.0,173.0,173.0,169.0,213.0,196.0,163.0,200.0,251.0,223.0,246.0,172.0,181.0,236.0,224.0,167.0,215.0,453.0,432.0,386.0,374.0,334.0,341.0,356.0,344.0,321.0,391.0,382.0,7786.0,7921.0,7684.0,7761.0,7563.0,7207.0,6867.0,7106.0,6562.0,6293.0,5657.0,8239.0,8353.0,8070.0,8135.0,7897.0,7548.0,7223.0,7450.0,6883.0,6684.0,6039.0,616.0,632.0,637.0,597.0,580.0,513.0,538.0,580.0,545.0,558.0,597.0
17.0,67.0,64.0,80.0,52.0,54.0,56.0,70.0,56.0,46.0,74.0,73.0,0.0,2.0,2.0,1.0,2.0,1.0,3.0,3.0,2.0,1.0,3.0,186.0,105.0,166.0,121.0,89.0,80.0,128.0,102.0,114.0,102.0,78.0,0.0,0.0,0.0,0.0,0.0,0.0,0.0,0.0,0.0,0.0,0.0,19.0,33.0,34.0,42.0,45.0,57.0,75.0,39.0,31.0,33.0,132.0,2.0,1.0,1.0,0.0,0.0,0.0,1.0,0.0,0.0,1.0,1.0,1424.0,1263.0,1398.0,1293.0,1206.0,1183.0,1250.0,1397.0,1149.0,1157.0,1271.0,0.0,0.0,0.0,0.0,0.0,0.0,0.0,0.0,0.0,0.0,0.0,36.0,38.0,46.0,30.0,30.0,19.0,23.0,19.0,27.0,43.0,23.0,84.0,79.0,72.0,52.0,47.0,52.0,42.0,48.0,58.0,43.0,56.0,9.0,8.0,10.0,10.0,10.0,8.0,9.0,7.0,14.0,4.0,9.0,153.0,144.0,153.0,104.0,101.0,108.0,113.0,104.0,104.0,118.0,130.0,1646.0,1408.0,1612.0,1445.0,1327.0,1283.0,1404.0,1521.0,1292.0,1303.0,1375.0,1799.0,1552.0,1765.0,1549.0,1428.0,1391.0,1517.0,1625.0,1396.0,1421.0,1505.0,162.0,152.0,163.0,114.0,111.0,116.0,122.0,111.0,118.0,122.0,139.0
18.0,151.0,149.0,147.0,108.0,134.0,112.0,136.0,161.0,166.0,164.0,183.0,10.0,1.0,11.0,9.0,4.0,7.0,3.0,5.0,3.0,10.0,2.0,301.0,287.0,264.0,254.0,221.0,205.0,193.0,193.0,240.0,231.0,223.0,0.0,0.0,0.0,0.0,0.0,0.0,0.0,0.0,0.0,0.0,0.0,267.0,286.0,178.0,389.0,481.0,533.0,370.0,359.0,237.0,344.0,470.0,3.0,1.0,3.0,1.0,3.0,0.0,4.0,0.0,2.0,1.0,0.0,3942.0,4009.0,4068.0,3970.0,3919.0,3762.0,4118.0,3991.0,4010.0,3890.0,3905.0,0.0,0.0,0.0,0.0,0.0,1.0,0.0,0.0,0.0,0.0,0.0,63.0,67.0,62.0,34.0,42.0,29.0,47.0,33.0,35.0,39.0,31.0,216.0,163.0,163.0,124.0,131.0,137.0,127.0,122.0,122.0,170.0,167.0,40.0,43.0,57.0,52.0,74.0,49.0,61.0,51.0,52.0,34.0,45.0,370.0,313.0,313.0,233.0,268.0,249.0,267.0,283.0,290.0,335.0,350.0,4316.0,4364.0,4405.0,4267.0,4186.0,4003.0,4361.0,4222.0,4288.0,4170.0,4161.0,4686.0,4677.0,4718.0,4500.0,4454.0,4252.0,4628.0,4505.0,4578.0,4505.0,4511.0,410.0,356.0,370.0,285.0,342.0,299.0,328.0,334.0,342.0,369.0,395.0
19.0,96.0,106.0,74.0,66.0,98.0,106.0,118.0,99.0,102.0,119.0,119.0,6.0,17.0,21.0,18.0,9.0,9.0,17.0,10.0,4.0,7.0,13.0,490.0,374.0,419.0,322.0,231.0,259.0,263.0,258.0,218.0,181.0,219.0,0.0,0.0,0.0,0.0,0.0,0.0,0.0,0.0,0.0,0.0,0.0,84.0,99.0,85.0,76.0,42.0,77.0,89.0,58.0,36.0,29.0,28.0,0.0,5.0,1.0,2.0,1.0,3.0,0.0,0.0,0.0,1.0,3.0,3728.0,3562.0,3253.0,2866.0,2972.0,2824.0,3116.0,3141.0,2940.0,3001.0,3029.0,0.0,0.0,0.0,0.0,0.0,0.0,0.0,0.0,0.0,0.0,0.0,130.0,143.0,87.0,82.0,89.0,80.0,80.0,57.0,82.0,77.0,68.0,244.0,213.0,190.0,148.0,139.0,141.0,128.0,101.0,96.0,103.0,98.0,33.0,58.0,31.0,42.0,33.0,41.0,25.0,31.0,27.0,38.0,37.0,340.0,324.0,265.0,216.0,238.0,250.0,246.0,200.0,198.0,223.0,220.0,4354.0,4096.0,3780.0,3288.0,3301.0,3172.0,3476.0,3466.0,3244.0,3266.0,3329.0,4694.0,4420.0,4045.0,3504.0,3539.0,3422.0,3722.0,3666.0,3442.0,3489.0,3549.0,373.0,382.0,296.0,258.0,271.0,291.0,271.0,231.0,225.0,261.0,257.0
20.0,82.0,80.0,56.0,59.0,57.0,47.0,52.0,51.0,40.0,57.0,71.0,5.0,4.0,3.0,7.0,6.0,2.0,1.0,4.0,1.0,2.0,1.0,145.0,121.0,147.0,119.0,106.0,77.0,105.0,83.0,93.0,70.0,58.0,0.0,0.0,0.0,0.0,0.0,0.0,0.0,0.0,0.0,0.0,0.0,82.0,107.0,90.0,129.0,99.0,95.0,64.0,53.0,46.0,47.0,37.0,1.0,0.0,1.0,6.0,0.0,0.0,2.0,1.0,0.0,0.0,0.0,1857.0,1721.0,1734.0,1699.0,1729.0,1510.0,1748.0,1882.0,1871.0,1843.0,1822.0,0.0,0.0,0.0,0.0,0.0,0.0,0.0,0.0,0.0,0.0,0.0,58.0,48.0,52.0,39.0,36.0,19.0,42.0,19.0,32.0,28.0,28.0,156.0,117.0,122.0,97.0,93.0,82.0,93.0,85.0,52.0,70.0,58.0,32.0,28.0,46.0,51.0,53.0,54.0,30.0,27.0,29.0,26.0,36.0,239.0,197.0,179.0,162.0,150.0,129.0,147.0,137.0,92.0,127.0,129.0,2065.0,1894.0,1936.0,1864.0,1877.0,1608.0,1896.0,1988.0,1997.0,1943.0,1909.0,2304.0,2091.0,2115.0,2026.0,2027.0,1737.0,2043.0,2125.0,2089.0,2070.0,2038.0,271.0,225.0,225.0,213.0,203.0,183.0,177.0,164.0,121.0,153.0,165.0
22.0,6.0,8.0,6.0,7.0,7.0,7.0,7.0,8.0,17.0,11.0,12.0,0.0,0.0,0.0,0.0,1.0,1.0,1.0,0.0,0.0,0.0,0.0,8.0,7.0,12.0,11.0,6.0,5.0,8.0,8.0,9.0,9.0,10.0,0.0,0.0,0.0,0.0,0.0,0.0,0.0,0.0,0.0,0.0,0.0,20.0,55.0,83.0,68.0,59.0,60.0,60.0,19.0,19.0,30.0,30.0,0.0,0.0,0.0,1.0,0.0,0.0,0.0,0.0,0.0,0.0,0.0,182.0,234.0,237.0,184.0,208.0,249.0,235.0,248.0,199.0,248.0,222.0,0.0,0.0,0.0,0.0,0.0,0.0,0.0,0.0,0.0,0.0,0.0,6.0,4.0,3.0,6.0,3.0,3.0,0.0,3.0,5.0,2.0,5.0,18.0,30.0,20.0,14.0,24.0,11.0,9.0,13.0,25.0,34.0,31.0,7.0,9.0,9.0,11.0,12.0,10.0,5.0,8.0,8.0,6.0,9.0,24.0,38.0,26.0,22.0,31.0,18.0,16.0,21.0,42.0,45.0,43.0,196.0,245.0,252.0,201.0,218.0,258.0,244.0,259.0,213.0,259.0,237.0,220.0,283.0,278.0,223.0,249.0,276.0,260.0,280.0,255.0,304.0,280.0,31.0,47.0,35.0,33.0,43.0,28.0,21.0,29.0,50.0,51.0,52.0
23.0,192.0,185.0,186.0,186.0,201.0,226.0,239.0,235.0,240.0,285.0,302.0,37.0,18.0,41.0,27.0,34.0,22.0,25.0,31.0,34.0,38.0,23.0,85.0,109.0,93.0,88.0,92.0,93.0,97.0,100.0,103.0,107.0,89.0,0.0,0.0,0.0,0.0,0.0,0.0,0.0,0.0,0.0,0.0,0.0,581.0,773.0,780.0,758.0,754.0,846.0,646.0,508.0,534.0,641.0,547.0,9.0,9.0,3.0,8.0,4.0,3.0,2.0,4.0,4.0,5.0,2.0,900.0,894.0,781.0,841.0,866.0,759.0,932.0,1049.0,1027.0,984.0,977.0,0.0,0.0,0.0,0.0,0.0,0.0,0.0,0.0,0.0,0.0,0.0,53.0,62.0,76.0,35.0,33.0,30.0,28.0,35.0,25.0,30.0,25.0,296.0,274.0,296.0,219.0,219.0,190.0,251.0,234.0,235.0,211.0,178.0,184.0,217.0,218.0,239.0,255.0,210.0,137.0,150.0,145.0,226.0,231.0,497.0,468.0,485.0,413.0,424.0,419.0,492.0,473.0,479.0,501.0,482.0,1075.0,1083.0,991.0,991.0,1025.0,904.0,1082.0,1215.0,1189.0,1159.0,1114.0,1572.0,1551.0,1476.0,1404.0,1449.0,1323.0,1574.0,1688.0,1668.0,1660.0,1596.0,681.0,685.0,703.0,652.0,679.0,629.0,629.0,623.0,624.0,727.0,713.0
24.0,112.0,104.0,113.0,130.0,99.0,123.0,125.0,149.0,125.0,103.0,128.0,12.0,5.0,11.0,11.0,7.0,15.0,4.0,10.0,13.0,6.0,5.0,150.0,142.0,114.0,142.0,123.0,86.0,137.0,110.0,147.0,112.0,134.0,0.0,0.0,0.0,0.0,0.0,0.0,0.0,0.0,0.0,0.0,0.0,331.0,439.0,331.0,331.0,256.0,257.0,245.0,185.0,177.0,157.0,133.0,4.0,2.0,4.0,3.0,2.0,5.0,4.0,2.0,1.0,1.0,1.0,1612.0,1646.0,1752.0,1380.0,1558.0,1268.0,1511.0,1602.0,1511.0,1701.0,1740.0,0.0,0.0,0.0,0.0,0.0,0.0,0.0,0.0,0.0,0.0,0.0,106.0,66.0,66.0,52.0,44.0,43.0,44.0,43.0,42.0,57.0,29.0,230.0,235.0,269.0,166.0,184.0,178.0,175.0,154.0,120.0,139.0,127.0,56.0,47.0,55.0,64.0,38.0,42.0,50.0,31.0,51.0,64.0,59.0,346.0,341.0,386.0,299.0,285.0,306.0,304.0,305.0,246.0,243.0,256.0,1880.0,1859.0,1943.0,1585.0,1732.0,1412.0,1696.0,1765.0,1713.0,1876.0,1908.0,2226.0,2200.0,2329.0,1884.0,2017.0,1718.0,2000.0,2070.0,1959.0,2119.0,2164.0,402.0,388.0,441.0,363.0,323.0,348.0,354.0,336.0,297.0,307.0,315.0
25.0,233.0,221.0,199.0,216.0,233.0,224.0,281.0,276.0,331.0,351.0,343.0,18.0,20.0,15.0,22.0,14.0,10.0,15.0,10.0,13.0,18.0,6.0,154.0,128.0,117.0,111.0,104.0,117.0,139.0,123.0,107.0,121.0,81.0,0.0,0.0,0.0,0.0,0.0,0.0,0.0,0.0,0.0,0.0,0.0,422.0,566.0,546.0,615.0,1051.0,862.0,929.0,903.0,1177.0,863.0,770.0,8.0,9.0,4.0,4.0,13.0,9.0,8.0,3.0,5.0,7.0,4.0,848.0,1194.0,1272.0,1306.0,1381.0,1376.0,1579.0,1398.0,1442.0,1444.0,1286.0,1.0,0.0,0.0,0.0,0.0,0.0,0.0,0.0,0.0,0.0,0.0,73.0,74.0,55.0,43.0,65.0,30.0,30.0,42.0,31.0,41.0,43.0,262.0,262.0,306.0,223.0,219.0,228.0,224.0,251.0,215.0,225.0,185.0,175.0,275.0,312.0,289.0,331.0,226.0,173.0,189.0,167.0,243.0,231.0,503.0,492.0,509.0,443.0,465.0,461.0,513.0,530.0,551.0,583.0,532.0,1093.0,1416.0,1459.0,1482.0,1564.0,1533.0,1763.0,1573.0,1593.0,1624.0,1416.0,1596.0,1908.0,1968.0,1925.0,2029.0,1994.0,2276.0,2103.0,2144.0,2207.0,1948.0,679.0,767.0,821.0,732.0,796.0,687.0,686.0,719.0,718.0,826.0,763.0
26.0,113.0,101.0,90.0,83.0,120.0,109.0,123.0,133.0,96.0,93.0,107.0,12.0,10.0,10.0,4.0,17.0,13.0,10.0,13.0,14.0,16.0,9.0,96.0,80.0,85.0,69.0,92.0,58.0,67.0,58.0,61.0,71.0,58.0,0.0,0.0,0.0,0.0,0.0,0.0,0.0,0.0,0.0,0.0,0.0,342.0,269.0,303.0,358.0,335.0,383.0,431.0,301.0,178.0,150.0,192.0,0.0,3.0,4.0,2.0,2.0,1.0,3.0,1.0,3.0,0.0,0.0,1020.0,901.0,918.0,940.0,893.0,800.0,930.0,931.0,850.0,864.0,787.0,1.0,0.0,0.0,0.0,0.0,0.0,0.0,0.0,0.0,0.0,0.0,52.0,51.0,42.0,35.0,21.0,27.0,23.0,19.0,22.0,24.0,22.0,255.0,213.0,193.0,200.0,179.0,163.0,152.0,139.0,125.0,133.0,112.0,103.0,90.0,94.0,96.0,100.0,83.0,90.0,99.0,58.0,64.0,65.0,368.0,317.0,287.0,285.0,301.0,273.0,278.0,273.0,224.0,226.0,219.0,1180.0,1042.0,1055.0,1048.0,1023.0,898.0,1030.0,1021.0,947.0,975.0,876.0,1548.0,1359.0,1342.0,1333.0,1324.0,1171.0,1308.0,1294.0,1171.0,1201.0,1095.0,472.0,407.0,381.0,381.0,401.0,356.0,368.0,372.0,282.0,290.0,284.0
28.0,185.0,171.0,188.0,212.0,186.0,212.0,240.0,222.0,200.0,233.0,257.0,16.0,9.0,16.0,5.0,13.0,7.0,15.0,6.0,6.0,4.0,5.0,164.0,92.0,125.0,114.0,107.0,125.0,102.0,84.0,88.0,104.0,115.0,0.0,0.0,0.0,0.0,0.0,0.0,0.0,0.0,0.0,0.0,0.0,789.0,778.0,729.0,880.0,813.0,684.0,663.0,530.0,422.0,378.0,523.0,12.0,5.0,4.0,2.0,6.0,7.0,6.0,2.0,0.0,3.0,3.0,1013.0,949.0,1090.0,1279.0,1344.0,1302.0,1348.0,1565.0,1493.0,1383.0,1578.0,0.0,0.0,1.0,1.0,0.0,0.0,0.0,0.0,0.0,0.0,0.0,52.0,40.0,50.0,27.0,20.0,17.0,23.0,37.0,23.0,23.0,29.0,304.0,270.0,253.0,229.0,251.0,221.0,206.0,201.0,180.0,186.0,206.0,148.0,154.0,164.0,171.0,127.0,134.0,111.0,81.0,78.0,108.0,97.0,501.0,446.0,445.0,443.0,443.0,440.0,452.0,425.0,380.0,422.0,466.0,1245.0,1090.0,1281.0,1425.0,1484.0,1451.0,1488.0,1692.0,1610.0,1514.0,1727.0,1746.0,1536.0,1726.0,1868.0,1927.0,1891.0,1940.0,2117.0,1990.0,1936.0,2193.0,649.0,600.0,610.0,615.0,570.0,574.0,563.0,506.0,458.0,530.0,563.0
30.0,229.0,225.0,176.0,197.0,182.0,200.0,195.0,189.0,206.0,180.0,184.0,8.0,8.0,10.0,6.0,10.0,6.0,12.0,6.0,4.0,6.0,3.0,143.0,118.0,127.0,101.0,112.0,136.0,160.0,136.0,105.0,100.0,74.0,0.0,0.0,0.0,0.0,0.0,0.0,0.0,0.0,0.0,0.0,0.0,685.0,944.0,806.0,1222.0,824.0,922.0,796.0,704.0,529.0,467.0,619.0,12.0,5.0,3.0,1.0,7.0,2.0,3.0,3.0,7.0,1.0,4.0,735.0,599.0,718.0,583.0,540.0,546.0,727.0,773.0,742.0,743.0,798.0,0.0,0.0,0.0,0.0,0.0,0.0,0.0,0.0,0.0,0.0,0.0,66.0,59.0,64.0,41.0,49.0,25.0,30.0,37.0,22.0,25.0,35.0,301.0,314.0,297.0,212.0,246.0,247.0,261.0,214.0,150.0,162.0,179.0,153.0,179.0,157.0,250.0,155.0,154.0,134.0,180.0,137.0,131.0,151.0,542.0,544.0,476.0,410.0,435.0,449.0,459.0,406.0,363.0,343.0,367.0,952.0,784.0,919.0,731.0,711.0,713.0,929.0,952.0,873.0,874.0,910.0,1494.0,1328.0,1395.0,1141.0,1146.0,1162.0,1388.0,1358.0,1236.0,1217.0,1277.0,695.0,723.0,633.0,660.0,590.0,603.0,593.0,586.0,500.0,474.0,518.0
32.0,338.0,282.0,320.0,296.0,294.0,312.0,273.0,306.0,282.0,345.0,346.0,24.0,28.0,17.0,23.0,27.0,15.0,25.0,33.0,27.0,17.0,11.0,203.0,188.0,175.0,149.0,127.0,155.0,109.0,82.0,98.0,111.0,136.0,0.0,0.0,0.0,0.0,0.0,0.0,0.0,0.0,0.0,0.0,0.0,907.0,1017.0,1121.0,1121.0,904.0,834.0,704.0,485.0,592.0,601.0,735.0,16.0,8.0,13.0,12.0,6.0,8.0,9.0,6.0,5.0,2.0,7.0,937.0,806.0,857.0,932.0,937.0,899.0,973.0,967.0,996.0,1070.0,937.0,0.0,0.0,0.0,0.0,0.0,0.0,0.0,1.0,0.0,0.0,0.0,90.0,81.0,58.0,65.0,61.0,55.0,37.0,32.0,29.0,46.0,46.0,378.0,324.0,275.0,260.0,281.0,230.0,234.0,252.0,251.0,279.0,192.0,284.0,250.0,369.0,339.0,269.0,240.0,193.0,188.0,146.0,149.0,229.0,732.0,614.0,608.0,568.0,581.0,550.0,516.0,564.0,538.0,626.0,545.0,1254.0,1103.0,1107.0,1169.0,1152.0,1124.0,1144.0,1114.0,1150.0,1244.0,1130.0,1986.0,1717.0,1715.0,1737.0,1733.0,1674.0,1660.0,1678.0,1688.0,1870.0,1675.0,1016.0,864.0,977.0,907.0,850.0,790.0,709.0,753.0,684.0,775.0,774.0
33.0,193.0,188.0,182.0,199.0,174.0,180.0,179.0,197.0,174.0,195.0,190.0,8.0,12.0,7.0,6.0,5.0,4.0,9.0,2.0,1.0,9.0,2.0,143.0,138.0,137.0,135.0,109.0,127.0,165.0,120.0,111.0,105.0,55.0,0.0,0.0,0.0,0.0,0.0,0.0,0.0,0.0,0.0,0.0,0.0,727.0,674.0,496.0,515.0,384.0,287.0,266.0,314.0,195.0,128.0,120.0,9.0,5.0,2.0,3.0,4.0,7.0,2.0,2.0,2.0,1.0,3.0,844.0,836.0,908.0,764.0,843.0,746.0,932.0,979.0,1003.0,958.0,1072.0,0.0,0.0,0.0,1.0,1.0,0.0,0.0,0.0,0.0,1.0,0.0,100.0,95.0,75.0,74.0,65.0,55.0,43.0,28.0,38.0,39.0,25.0,235.0,226.0,253.0,227.0,246.0,236.0,212.0,200.0,144.0,146.0,124.0,150.0,159.0,169.0,187.0,146.0,132.0,110.0,132.0,98.0,146.0,130.0,437.0,419.0,437.0,429.0,424.0,423.0,393.0,399.0,320.0,342.0,317.0,1095.0,1081.0,1127.0,979.0,1022.0,932.0,1149.0,1129.0,1153.0,1111.0,1154.0,1532.0,1500.0,1564.0,1408.0,1446.0,1355.0,1542.0,1528.0,1473.0,1453.0,1471.0,587.0,578.0,606.0,617.0,571.0,555.0,503.0,531.0,418.0,489.0,447.0
34.0,203.0,227.0,213.0,191.0,221.0,237.0,207.0,178.0,204.0,248.0,305.0,14.0,9.0,15.0,23.0,20.0,6.0,9.0,8.0,5.0,5.0,9.0,276.0,288.0,241.0,253.0,191.0,273.0,260.0,211.0,174.0,197.0,141.0,0.0,0.0,0.0,0.0,0.0,0.0,0.0,0.0,0.0,0.0,0.0,231.0,328.0,320.0,403.0,284.0,287.0,226.0,163.0,239.0,149.0,131.0,10.0,1.0,3.0,2.0,4.0,8.0,5.0,1.0,1.0,3.0,3.0,977.0,1000.0,1157.0,1104.0,1017.0,1035.0,1116.0,1307.0,1222.0,1307.0,1358.0,0.0,1.0,0.0,0.0,0.0,0.0,0.0,0.0,0.0,0.0,0.0,199.0,149.0,143.0,138.0,90.0,90.0,83.0,76.0,77.0,86.0,72.0,318.0,280.0,264.0,244.0,279.0,280.0,246.0,225.0,218.0,247.0,225.0,165.0,206.0,174.0,207.0,162.0,182.0,169.0,157.0,121.0,170.0,183.0,531.0,508.0,480.0,437.0,504.0,525.0,458.0,404.0,423.0,498.0,533.0,1466.0,1446.0,1556.0,1518.0,1318.0,1404.0,1468.0,1602.0,1478.0,1595.0,1580.0,1997.0,1954.0,2036.0,1955.0,1822.0,1929.0,1926.0,2006.0,1901.0,2093.0,2113.0,696.0,715.0,654.0,644.0,666.0,707.0,627.0,561.0,544.0,668.0,716.0
40.0,429.0,410.0,391.0,410.0,417.0,437.0,382.0,495.0,466.0,570.0,724.0,51.0,51.0,56.0,51.0,59.0,76.0,50.0,58.0,55.0,49.0,32.0,231.0,240.0,279.0,246.0,197.0,240.0,161.0,214.0,155.0,247.0,267.0,0.0,0.0,0.0,0.0,0.0,0.0,0.0,0.0,0.0,0.0,0.0,1786.0,1649.0,1678.0,1728.0,1341.0,1501.0,1783.0,1712.0,1653.0,1518.0,1269.0,12.0,13.0,15.0,13.0,15.0,19.0,13.0,7.0,7.0,9.0,13.0,1841.0,1985.0,1989.0,1724.0,1824.0,1829.0,2161.0,2149.0,2187.0,2488.0,2414.0,0.0,0.0,0.0,0.0,0.0,0.0,0.0,0.0,0.0,0.0,0.0,202.0,175.0,170.0,157.0,123.0,130.0,74.0,104.0,108.0,96.0,89.0,442.0,426.0,514.0,391.0,435.0,382.0,461.0,440.0,401.0,500.0,517.0,478.0,412.0,365.0,420.0,434.0,386.0,485.0,419.0,430.0,546.0,510.0,883.0,849.0,920.0,814.0,867.0,838.0,856.0,942.0,874.0,1079.0,1254.0,2325.0,2451.0,2494.0,2178.0,2203.0,2275.0,2446.0,2525.0,2505.0,2880.0,2802.0,3208.0,3300.0,3414.0,2992.0,3070.0,3113.0,3302.0,3467.0,3379.0,3959.0,4056.0,1361.0,1261.0,1285.0,1234.0,1301.0,1224.0,1341.0,1361.0,1304.0,1625.0,1764.0
41.0,282.0,334.0,350.0,371.0,405.0,381.0,347.0,359.0,313.0,329.0,280.0,19.0,22.0,32.0,26.0,16.0,22.0,15.0,17.0,20.0,24.0,16.0,202.0,194.0,209.0,217.0,194.0,203.0,175.0,185.0,197.0,159.0,156.0,0.0,0.0,0.0,0.0,0.0,0.0,0.0,0.0,0.0,0.0,0.0,299.0,403.0,707.0,608.0,507.0,468.0,579.0,623.0,623.0,460.0,523.0,13.0,7.0,2.0,5.0,5.0,5.0,7.0,2.0,5.0,2.0,8.0,993.0,1127.0,876.0,951.0,900.0,914.0,983.0,1060.0,1177.0,1114.0,1158.0,1.0,0.0,0.0,0.0,0.0,0.0,1.0,0.0,0.0,0.0,0.0,152.0,144.0,128.0,84.0,80.0,91.0,56.0,74.0,72.0,67.0,73.0,251.0,290.0,263.0,204.0,264.0,277.0,286.0,283.0,223.0,211.0,220.0,96.0,112.0,158.0,157.0,158.0,130.0,137.0,125.0,156.0,146.0,218.0,546.0,631.0,615.0,580.0,674.0,663.0,640.0,644.0,541.0,542.0,508.0,1366.0,1487.0,1245.0,1278.0,1190.0,1230.0,1229.0,1336.0,1466.0,1364.0,1403.0,1912.0,2118.0,1860.0,1858.0,1864.0,1893.0,1869.0,1980.0,2007.0,1906.0,1911.0,643.0,743.0,773.0,737.0,832.0,793.0,778.0,769.0,697.0,688.0,726.0
42.0,329.0,299.0,277.0,303.0,306.0,299.0,347.0,397.0,409.0,356.0,458.0,42.0,33.0,40.0,34.0,40.0,31.0,39.0,32.0,32.0,37.0,22.0,330.0,316.0,182.0,160.0,159.0,179.0,174.0,185.0,171.0,187.0,177.0,0.0,0.0,0.0,0.0,0.0,0.0,0.0,0.0,0.0,0.0,0.0,1013.0,829.0,864.0,1232.0,995.0,1206.0,958.0,841.0,891.0,771.0,689.0,16.0,6.0,13.0,14.0,13.0,9.0,8.0,12.0,4.0,9.0,4.0,1341.0,1429.0,1203.0,1058.0,1009.0,1032.0,1178.0,1249.0,1212.0,1176.0,1315.0,0.0,0.0,0.0,0.0,0.0,0.0,0.0,0.0,0.0,0.0,0.0,199.0,155.0,161.0,113.0,118.0,134.0,111.0,78.0,98.0,112.0,79.0,368.0,343.0,335.0,246.0,306.0,312.0,351.0,332.0,301.0,315.0,326.0,189.0,299.0,289.0,305.0,277.0,388.0,296.0,233.0,264.0,286.0,346.0,713.0,648.0,625.0,563.0,625.0,620.0,706.0,741.0,714.0,680.0,788.0,1912.0,1933.0,1586.0,1365.0,1326.0,1376.0,1502.0,1544.0,1513.0,1512.0,1593.0,2625.0,2581.0,2211.0,1928.0,1951.0,1996.0,2208.0,2285.0,2227.0,2192.0,2381.0,902.0,947.0,914.0,868.0,902.0,1008.0,1002.0,974.0,978.0,966.0,1134.0
43.0,514.0,490.0,460.0,478.0,503.0,527.0,539.0,586.0,650.0,633.0,552.0,53.0,36.0,48.0,41.0,52.0,37.0,40.0,26.0,47.0,36.0,19.0,427.0,378.0,384.0,416.0,392.0,381.0,340.0,358.0,313.0,320.0,309.0,0.0,0.0,0.0,0.0,0.0,0.0,0.0,0.0,0.0,0.0,0.0,2417.0,3373.0,2835.0,2456.0,2471.0,2348.0,1732.0,1124.0,901.0,623.0,732.0,11.0,7.0,11.0,13.0,15.0,17.0,18.0,9.0,8.0,8.0,8.0,2012.0,2158.0,2319.0,2153.0,2066.0,2096.0,2179.0,2316.0,2202.0,2249.0,2367.0,1.0,0.0,0.0,0.0,0.0,0.0,0.0,0.0,0.0,0.0,0.0,434.0,383.0,382.0,309.0,245.0,271.0,218.0,175.0,170.0,218.0,167.0,489.0,480.0,559.0,477.0,516.0,512.0,558.0,558.0,525.0,547.0,544.0,622.0,586.0,395.0,433.0,440.0,554.0,388.0,253.0,264.0,264.0,219.0,1014.0,977.0,1030.0,968.0,1034.0,1056.0,1115.0,1153.0,1183.0,1188.0,1104.0,2926.0,2955.0,3133.0,2919.0,2755.0,2785.0,2777.0,2875.0,2732.0,2823.0,2862.0,3940.0,3932.0,4163.0,3887.0,3789.0,3841.0,3892.0,4028.0,3915.0,4011.0,3966.0,1637.0,1563.0,1425.0,1401.0,1474.0,1610.0,1503.0,1406.0,1447.0,1452.0,1323.0
44.0,595.0,554.0,515.0,605.0,588.0,592.0,690.0,734.0,727.0,758.0,693.0,65.0,50.0,60.0,37.0,40.0,36.0,30.0,35.0,30.0,34.0,19.0,336.0,366.0,300.0,318.0,286.0,350.0,296.0,265.0,272.0,297.0,224.0,0.0,0.0,0.0,0.0,0.0,0.0,0.0,0.0,0.0,0.0,0.0,2248.0,2814.0,2466.0,2343.0,2723.0,2711.0,2082.0,1610.0,1268.0,1075.0,956.0,14.0,23.0,21.0,10.0,14.0,18.0,8.0,8.0,16.0,10.0,13.0,2172.0,1831.0,1951.0,1708.0,1618.0,1783.0,1972.0,1961.0,2041.0,2603.0,2539.0,0.0,0.0,0.0,0.0,0.0,0.0,0.0,1.0,1.0,0.0,2.0,320.0,275.0,269.0,205.0,204.0,200.0,156.0,124.0,173.0,153.0,133.0,522.0,508.0,552.0,435.0,540.0,505.0,470.0,435.0,432.0,591.0,505.0,389.0,474.0,554.0,629.0,777.0,781.0,668.0,609.0,602.0,541.0,403.0,1131.0,1085.0,1088.0,1050.0,1142.0,1115.0,1168.0,1177.0,1175.0,1359.0,1211.0,2893.0,2522.0,2580.0,2268.0,2148.0,2369.0,2454.0,2385.0,2516.0,3087.0,2915.0,4024.0,3607.0,3668.0,3318.0,3290.0,3484.0,3622.0,3562.0,3691.0,4446.0,4126.0,1520.0,1559.0,1642.0,1679.0,1919.0,1896.0,1836.0,1787.0,1778.0,1900.0,1616.0
45.0,133.0,172.0,116.0,165.0,166.0,154.0,170.0,168.0,162.0,197.0,177.0,35.0,25.0,44.0,20.0,14.0,12.0,9.0,13.0,13.0,14.0,4.0,262.0,247.0,267.0,291.0,306.0,284.0,218.0,171.0,154.0,145.0,138.0,0.0,0.0,0.0,0.0,0.0,0.0,0.0,0.0,0.0,0.0,0.0,198.0,196.0,177.0,159.0,230.0,307.0,247.0,221.0,174.0,191.0,240.0,4.0,6.0,3.0,1.0,2.0,6.0,2.0,3.0,0.0,4.0,6.0,1427.0,1373.0,1705.0,1729.0,1812.0,1578.0,1474.0,1556.0,1716.0,2168.0,1761.0,0.0,0.0,0.0,0.0,0.0,0.0,0.0,0.0,0.0,0.0,0.0,324.0,311.0,308.0,274.0,199.0,179.0,147.0,146.0,131.0,145.0,133.0,219.0,182.0,217.0,193.0,233.0,198.0,183.0,156.0,157.0,163.0,139.0,95.0,93.0,116.0,132.0,97.0,119.0,105.0,92.0,88.0,96.0,128.0,356.0,360.0,336.0,359.0,401.0,358.0,355.0,327.0,319.0,364.0,322.0,2048.0,1956.0,2324.0,2314.0,2331.0,2053.0,1848.0,1886.0,2014.0,2472.0,2036.0,2404.0,2316.0,2660.0,2673.0,2732.0,2411.0,2203.0,2213.0,2333.0,2836.0,2358.0,451.0,453.0,452.0,491.0,498.0,477.0,460.0,419.0,407.0,460.0,450.0
46.0,471.0,471.0,384.0,421.0,403.0,411.0,469.0,493.0,515.0,586.0,573.0,42.0,35.0,33.0,28.0,41.0,46.0,28.0,17.0,21.0,26.0,11.0,326.0,290.0,272.0,228.0,210.0,254.0,240.0,201.0,216.0,272.0,239.0,0.0,0.0,0.0,0.0,0.0,0.0,0.0,0.0,0.0,0.0,0.0,1997.0,2114.0,2418.0,2356.0,1912.0,1571.0,1478.0,865.0,1127.0,974.0,405.0,18.0,18.0,15.0,12.0,12.0,20.0,13.0,10.0,13.0,13.0,12.0,1386.0,1384.0,1478.0,1339.0,1161.0,1340.0,1503.0,1638.0,1605.0,1444.0,1662.0,0.0,0.0,0.0,0.0,0.0,0.0,0.0,0.0,0.0,0.0,0.0,235.0,191.0,213.0,144.0,132.0,127.0,90.0,94.0,110.0,107.0,94.0,548.0,500.0,449.0,375.0,413.0,388.0,377.0,426.0,333.0,406.0,428.0,549.0,650.0,604.0,615.0,585.0,565.0,400.0,251.0,290.0,281.0,192.0,1037.0,989.0,848.0,808.0,828.0,819.0,859.0,929.0,861.0,1005.0,1013.0,1989.0,1900.0,1996.0,1739.0,1544.0,1767.0,1861.0,1950.0,1952.0,1849.0,2006.0,3026.0,2889.0,2844.0,2547.0,2372.0,2586.0,2720.0,2879.0,2813.0,2854.0,3019.0,1586.0,1639.0,1452.0,1423.0,1413.0,1384.0,1259.0,1180.0,1151.0,1286.0,1205.0
47.0,430.0,417.0,433.0,436.0,435.0,485.0,519.0,554.0,545.0,604.0,632.0,42.0,37.0,49.0,43.0,37.0,29.0,27.0,27.0,32.0,24.0,22.0,356.0,391.0,379.0,392.0,378.0,422.0,406.0,388.0,379.0,287.0,331.0,0.0,0.0,0.0,0.0,0.0,0.0,0.0,0.0,0.0,0.0,0.0,1176.0,1392.0,1584.0,1494.0,1387.0,1060.0,917.0,520.0,722.0,762.0,590.0,15.0,18.0,15.0,20.0,23.0,21.0,18.0,10.0,17.0,12.0,7.0,1245.0,1137.0,1100.0,1061.0,1128.0,1184.0,1416.0,1492.0,1561.0,1651.0,2015.0,0.0,2.0,1.0,0.0,2.0,1.0,1.0,0.0,0.0,0.0,0.0,386.0,366.0,371.0,311.0,361.0,296.0,254.0,206.0,200.0,220.0,187.0,397.0,333.0,452.0,431.0,439.0,443.0,496.0,461.0,414.0,426.0,446.0,232.0,260.0,391.0,419.0,433.0,366.0,362.0,365.0,377.0,300.0,289.0,842.0,768.0,900.0,887.0,897.0,949.0,1033.0,1025.0,976.0,1042.0,1085.0,2029.0,1931.0,1899.0,1807.0,1904.0,1931.0,2103.0,2113.0,2172.0,2182.0,2555.0,2871.0,2699.0,2799.0,2694.0,2801.0,2880.0,3136.0,3138.0,3148.0,3224.0,3640.0,1074.0,1030.0,1292.0,1306.0,1332.0,1316.0,1396.0,1390.0,1353.0,1342.0,1374.0
48.0,228.0,307.0,302.0,343.0,362.0,309.0,348.0,435.0,470.0,517.0,437.0,50.0,32.0,44.0,38.0,40.0,31.0,33.0,26.0,42.0,31.0,15.0,316.0,321.0,285.0,274.0,250.0,198.0,203.0,242.0,262.0,219.0,191.0,0.0,0.0,0.0,0.0,0.0,0.0,0.0,0.0,0.0,0.0,0.0,570.0,1023.0,924.0,765.0,716.0,655.0,793.0,802.0,913.0,823.0,552.0,15.0,8.0,12.0,7.0,5.0,10.0,9.0,3.0,10.0,6.0,7.0,1345.0,1386.0,1111.0,1150.0,1195.0,1308.0,1451.0,1501.0,1509.0,1383.0,1472.0,0.0,1.0,0.0,0.0,0.0,1.0,0.0,0.0,0.0,0.0,0.0,167.0,173.0,151.0,122.0,117.0,139.0,97.0,91.0,74.0,112.0,72.0,432.0,381.0,371.0,351.0,383.0,389.0,417.0,400.0,354.0,355.0,316.0,178.0,357.0,337.0,399.0,426.0,298.0,217.0,188.0,218.0,211.0,201.0,675.0,696.0,685.0,701.0,750.0,708.0,774.0,838.0,834.0,878.0,760.0,1878.0,1912.0,1591.0,1584.0,1602.0,1676.0,1784.0,1860.0,1887.0,1745.0,1750.0,2553.0,2608.0,2276.0,2285.0,2352.0,2384.0,2558.0,2698.0,2721.0,2623.0,2510.0,853.0,1054.0,1022.0,1100.0,1176.0,1007.0,991.0,1026.0,1052.0,1089.0,961.0
49.0,178.0,194.0,201.0,201.0,243.0,258.0,256.0,222.0,167.0,188.0,272.0,17.0,28.0,26.0,19.0,20.0,19.0,17.0,10.0,18.0,10.0,8.0,389.0,382.0,344.0,397.0,369.0,397.0,332.0,233.0,198.0,185.0,178.0,0.0,0.0,0.0,0.0,0.0,0.0,0.0,0.0,0.0,0.0,0.0,184.0,210.0,275.0,274.0,228.0,282.0,306.0,429.0,388.0,332.0,493.0,6.0,6.0,7.0,5.0,7.0,3.0,6.0,2.0,6.0,6.0,3.0,1484.0,1391.0,1326.0,1291.0,1318.0,1310.0,1266.0,1339.0,1508.0,1416.0,1279.0,0.0,0.0,0.0,0.0,0.0,0.0,0.0,0.0,0.0,0.0,0.0,314.0,302.0,316.0,237.0,235.0,228.0,175.0,112.0,135.0,162.0,136.0,284.0,294.0,313.0,235.0,281.0,341.0,311.0,183.0,158.0,225.0,225.0,64.0,85.0,80.0,75.0,74.0,107.0,126.0,122.0,135.0,162.0,153.0,468.0,494.0,521.0,441.0,531.0,602.0,573.0,407.0,331.0,419.0,500.0,2204.0,2103.0,2012.0,1944.0,1942.0,1954.0,1790.0,1694.0,1859.0,1773.0,1601.0,2672.0,2597.0,2533.0,2385.0,2473.0,2556.0,2363.0,2101.0,2190.0,2192.0,2101.0,532.0,579.0,601.0,516.0,605.0,709.0,699.0,529.0,466.0,581.0,653.0
50.0,143.0,152.0,155.0,130.0,130.0,125.0,142.0,159.0,142.0,111.0,162.0,14.0,11.0,19.0,23.0,14.0,4.0,10.0,8.0,8.0,5.0,11.0,185.0,220.0,203.0,194.0,164.0,211.0,179.0,157.0,178.0,114.0,122.0,0.0,0.0,0.0,0.0,0.0,0.0,0.0,0.0,0.0,0.0,0.0,158.0,224.0,209.0,425.0,261.0,297.0,196.0,253.0,362.0,406.0,389.0,9.0,4.0,2.0,0.0,5.0,4.0,7.0,2.0,1.0,2.0,4.0,1233.0,1316.0,1445.0,1396.0,1432.0,1576.0,1670.0,1561.0,1732.0,1679.0,1577.0,0.0,0.0,0.0,1.0,0.0,0.0,0.0,0.0,0.0,0.0,0.0,213.0,192.0,168.0,187.0,135.0,99.0,94.0,78.0,87.0,94.0,89.0,176.0,141.0,163.0,138.0,177.0,204.0,152.0,160.0,144.0,162.0,150.0,56.0,53.0,67.0,149.0,108.0,100.0,87.0,63.0,69.0,101.0,87.0,328.0,297.0,320.0,268.0,312.0,333.0,301.0,321.0,287.0,275.0,316.0,1645.0,1739.0,1835.0,1800.0,1745.0,1890.0,1953.0,1804.0,2005.0,1892.0,1799.0,1973.0,2036.0,2155.0,2068.0,2057.0,2223.0,2254.0,2125.0,2292.0,2167.0,2115.0,384.0,350.0,387.0,418.0,420.0,433.0,388.0,384.0,356.0,376.0,403.0
52.0,432.0,435.0,441.0,396.0,434.0,392.0,393.0,465.0,538.0,566.0,596.0,39.0,18.0,23.0,24.0,17.0,18.0,21.0,12.0,6.0,13.0,5.0,482.0,465.0,436.0,477.0,424.0,435.0,396.0,348.0,366.0,280.0,270.0,0.0,0.0,0.0,0.0,0.0,0.0,0.0,0.0,0.0,0.0,0.0,1206.0,1113.0,1290.0,1364.0,1747.0,1548.0,1300.0,1175.0,1334.0,1145.0,899.0,12.0,12.0,11.0,8.0,11.0,8.0,6.0,11.0,8.0,12.0,2.0,1746.0,1521.0,1650.0,1483.0,1504.0,1690.0,1738.0,1791.0,2030.0,2136.0,2011.0,0.0,0.0,0.0,0.0,1.0,0.0,0.0,0.0,1.0,0.0,0.0,255.0,217.0,243.0,199.0,163.0,135.0,132.0,101.0,97.0,105.0,106.0,516.0,500.0,493.0,488.0,491.0,486.0,525.0,449.0,413.0,448.0,469.0,213.0,260.0,332.0,339.0,516.0,524.0,333.0,312.0,276.0,255.0,236.0,960.0,947.0,945.0,892.0,936.0,886.0,924.0,925.0,959.0,1026.0,1067.0,2522.0,2221.0,2352.0,2183.0,2108.0,2278.0,2287.0,2252.0,2499.0,2534.0,2392.0,3482.0,3168.0,3297.0,3075.0,3044.0,3164.0,3211.0,3177.0,3458.0,3560.0,3459.0,1173.0,1207.0,1277.0,1231.0,1453.0,1410.0,1257.0,1237.0,1236.0,1281.0,1303.0
60.0,238.0,241.0,242.0,198.0,195.0,256.0,204.0,259.0,292.0,313.0,250.0,56.0,54.0,65.0,48.0,32.0,39.0,39.0,22.0,18.0,17.0,10.0,209.0,186.0,176.0,147.0,156.0,190.0,260.0,198.0,188.0,163.0,102.0,0.0,0.0,0.0,0.0,0.0,0.0,0.0,0.0,0.0,0.0,0.0,447.0,425.0,356.0,333.0,547.0,477.0,334.0,454.0,464.0,341.0,367.0,5.0,4.0,8.0,9.0,9.0,6.0,5.0,7.0,9.0,4.0,2.0,1378.0,1413.0,1474.0,1373.0,1413.0,1176.0,1438.0,1292.0,1317.0,1437.0,1239.0,0.0,0.0,1.0,0.0,0.0,0.0,0.0,0.0,2.0,0.0,0.0,134.0,117.0,103.0,92.0,102.0,80.0,70.0,59.0,67.0,80.0,54.0,326.0,269.0,304.0,220.0,237.0,220.0,267.0,292.0,252.0,267.0,154.0,99.0,105.0,126.0,142.0,154.0,104.0,130.0,142.0,122.0,169.0,112.0,569.0,514.0,554.0,427.0,441.0,482.0,476.0,558.0,553.0,584.0,406.0,1777.0,1770.0,1818.0,1660.0,1703.0,1485.0,1807.0,1571.0,1590.0,1697.0,1405.0,2346.0,2284.0,2372.0,2087.0,2144.0,1967.0,2283.0,2129.0,2143.0,2281.0,1811.0,668.0,619.0,681.0,569.0,595.0,586.0,606.0,700.0,677.0,753.0,518.0
61.0,125.0,151.0,139.0,137.0,111.0,151.0,147.0,199.0,186.0,174.0,177.0,16.0,21.0,31.0,15.0,16.0,11.0,15.0,12.0,15.0,13.0,6.0,357.0,378.0,415.0,310.0,246.0,259.0,380.0,338.0,344.0,336.0,185.0,0.0,0.0,0.0,0.0,0.0,0.0,0.0,0.0,0.0,0.0,0.0,179.0,216.0,202.0,207.0,236.0,275.0,362.0,270.0,241.0,237.0,301.0,5.0,4.0,6.0,3.0,6.0,13.0,4.0,1.0,1.0,5.0,2.0,1925.0,1888.0,1924.0,1760.0,1467.0,1578.0,1781.0,1699.0,1784.0,1591.0,1501.0,0.0,0.0,0.0,0.0,1.0,1.0,0.0,1.0,0.0,1.0,0.0,281.0,224.0,218.0,152.0,190.0,145.0,127.0,124.0,125.0,121.0,89.0,247.0,232.0,272.0,178.0,146.0,192.0,249.0,234.0,222.0,214.0,133.0,71.0,97.0,99.0,105.0,110.0,105.0,90.0,65.0,76.0,66.0,87.0,377.0,387.0,417.0,318.0,263.0,356.0,400.0,434.0,409.0,393.0,312.0,2579.0,2511.0,2588.0,2237.0,1919.0,1993.0,2303.0,2173.0,2268.0,2061.0,1781.0,2956.0,2898.0,3005.0,2555.0,2182.0,2349.0,2703.0,2607.0,2677.0,2454.0,2093.0,448.0,484.0,516.0,423.0,374.0,462.0,490.0,500.0,485.0,460.0,399.0
62.0,149.0,171.0,145.0,143.0,133.0,162.0,188.0,182.0,203.0,220.0,204.0,26.0,24.0,28.0,18.0,18.0,17.0,14.0,7.0,8.0,8.0,4.0,446.0,400.0,342.0,337.0,309.0,252.0,257.0,309.0,299.0,226.0,174.0,0.0,0.0,0.0,0.0,0.0,0.0,0.0,0.0,0.0,0.0,0.0,84.0,115.0,100.0,155.0,132.0,178.0,335.0,206.0,228.0,215.0,256.0,4.0,2.0,5.0,7.0,6.0,2.0,4.0,3.0,0.0,1.0,1.0,1819.0,1590.0,1662.0,1605.0,1398.0,1397.0,1298.0,1452.0,1458.0,1442.0,1423.0,0.0,0.0,0.0,2.0,1.0,1.0,0.0,0.0,0.0,0.0,0.0,241.0,212.0,163.0,157.0,157.0,156.0,131.0,111.0,100.0,111.0,102.0,249.0,209.0,274.0,204.0,179.0,177.0,215.0,244.0,159.0,171.0,169.0,68.0,90.0,159.0,175.0,98.0,87.0,95.0,55.0,55.0,59.0,85.0,402.0,382.0,424.0,354.0,318.0,341.0,407.0,429.0,362.0,392.0,374.0,2532.0,2226.0,2195.0,2117.0,1882.0,1822.0,1700.0,1879.0,1865.0,1787.0,1703.0,2934.0,2608.0,2619.0,2471.0,2200.0,2163.0,2107.0,2308.0,2227.0,2179.0,2077.0,470.0,472.0,583.0,531.0,417.0,429.0,502.0,484.0,417.0,451.0,459.0
63.0,120.0,127.0,123.0,161.0,134.0,196.0,238.0,184.0,170.0,168.0,135.0,21.0,20.0,23.0,23.0,10.0,10.0,10.0,13.0,10.0,5.0,3.0,238.0,307.0,282.0,240.0,279.0,268.0,254.0,207.0,173.0,192.0,131.0,0.0,0.0,0.0,0.0,0.0,0.0,0.0,0.0,0.0,0.0,0.0,123.0,88.0,72.0,47.0,134.0,188.0,157.0,110.0,171.0,112.0,186.0,9.0,3.0,8.0,7.0,3.0,2.0,7.0,7.0,4.0,5.0,5.0,1832.0,1693.0,1857.0,1747.0,1559.0,1763.0,1596.0,1677.0,1573.0,1593.0,1542.0,0.0,1.0,0.0,1.0,0.0,0.0,0.0,0.0,0.0,0.0,0.0,283.0,206.0,193.0,183.0,161.0,129.0,102.0,86.0,106.0,101.0,79.0,274.0,228.0,301.0,257.0,228.0,232.0,244.0,163.0,190.0,149.0,123.0,66.0,64.0,84.0,92.0,77.0,147.0,109.0,71.0,71.0,76.0,84.0,403.0,358.0,432.0,425.0,365.0,430.0,489.0,354.0,364.0,322.0,263.0,2374.0,2226.0,2355.0,2193.0,2009.0,2170.0,1962.0,1983.0,1862.0,1891.0,1755.0,2777.0,2584.0,2787.0,2618.0,2374.0,2600.0,2451.0,2337.0,2226.0,2213.0,2018.0,469.0,423.0,516.0,518.0,442.0,577.0,598.0,425.0,435.0,398.0,347.0
66.0,133.0,136.0,129.0,161.0,154.0,158.0,140.0,138.0,117.0,145.0,167.0,17.0,17.0,13.0,16.0,22.0,11.0,10.0,8.0,5.0,8.0,5.0,375.0,356.0,361.0,397.0,375.0,332.0,319.0,283.0,288.0,260.0,162.0,0.0,0.0,0.0,0.0,0.0,0.0,0.0,0.0,0.0,0.0,0.0,102.0,72.0,37.0,33.0,35.0,63.0,96.0,103.0,145.0,195.0,243.0,2.0,0.0,4.0,6.0,0.0,3.0,1.0,6.0,1.0,4.0,1.0,1348.0,1307.0,1398.0,1283.0,1262.0,1321.0,1368.0,1382.0,1361.0,1334.0,1231.0,0.0,0.0,0.0,0.0,0.0,0.0,1.0,1.0,0.0,0.0,0.0,190.0,145.0,137.0,152.0,137.0,126.0,102.0,133.0,95.0,86.0,85.0,206.0,184.0,196.0,154.0,170.0,178.0,166.0,131.0,134.0,126.0,119.0,34.0,31.0,34.0,29.0,35.0,27.0,35.0,32.0,31.0,39.0,37.0,341.0,320.0,329.0,321.0,324.0,339.0,307.0,275.0,252.0,275.0,287.0,1930.0,1825.0,1909.0,1848.0,1796.0,1790.0,1799.0,1806.0,1749.0,1688.0,1483.0,2271.0,2145.0,2238.0,2169.0,2120.0,2129.0,2106.0,2081.0,2001.0,1963.0,1770.0,375.0,351.0,363.0,350.0,359.0,366.0,343.0,308.0,283.0,314.0,324.0
67.0,438.0,413.0,385.0,458.0,441.0,613.0,562.0,545.0,553.0,480.0,576.0,20.0,45.0,30.0,29.0,24.0,26.0,31.0,29.0,15.0,32.0,4.0,515.0,460.0,429.0,419.0,409.0,463.0,438.0,377.0,335.0,289.0,254.0,0.0,0.0,0.0,0.0,0.0,0.0,0.0,0.0,0.0,0.0,0.0,556.0,661.0,746.0,810.0,605.0,562.0,546.0,500.0,557.0,433.0,184.0,19.0,18.0,17.0,18.0,25.0,19.0,16.0,11.0,13.0,15.0,13.0,1475.0,1467.0,1402.0,1377.0,1353.0,1266.0,1476.0,1535.0,1529.0,1535.0,1461.0,0.0,0.0,0.0,0.0,0.0,0.0,1.0,0.0,0.0,0.0,0.0,361.0,360.0,290.0,266.0,259.0,266.0,197.0,160.0,163.0,159.0,106.0,468.0,383.0,468.0,379.0,391.0,496.0,461.0,475.0,448.0,404.0,380.0,269.0,321.0,246.0,356.0,292.0,243.0,284.0,220.0,181.0,184.0,175.0,925.0,814.0,870.0,855.0,857.0,1128.0,1039.0,1031.0,1014.0,899.0,969.0,2371.0,2332.0,2151.0,2091.0,2045.0,2021.0,2142.0,2101.0,2042.0,2015.0,1825.0,3296.0,3146.0,3021.0,2946.0,2902.0,3149.0,3181.0,3132.0,3056.0,2914.0,2794.0,1194.0,1135.0,1116.0,1211.0,1149.0,1371.0,1324.0,1251.0,1195.0,1083.0,1144.0
68.0,130.0,132.0,106.0,84.0,107.0,144.0,109.0,104.0,124.0,134.0,132.0,23.0,20.0,14.0,15.0,16.0,7.0,16.0,6.0,10.0,7.0,4.0,373.0,304.0,349.0,226.0,251.0,203.0,204.0,247.0,203.0,235.0,135.0,0.0,0.0,0.0,0.0,0.0,0.0,0.0,0.0,0.0,0.0,0.0,55.0,51.0,76.0,111.0,140.0,231.0,180.0,178.0,240.0,247.0,591.0,2.0,5.0,0.0,1.0,1.0,1.0,1.0,0.0,1.0,0.0,3.0,1412.0,1401.0,1353.0,1437.0,1558.0,1354.0,1515.0,1443.0,1325.0,1305.0,1330.0,0.0,0.0,0.0,0.0,0.0,0.0,0.0,0.0,0.0,0.0,0.0,247.0,185.0,187.0,159.0,149.0,122.0,114.0,119.0,110.0,110.0,96.0,148.0,139.0,170.0,130.0,111.0,110.0,116.0,100.0,95.0,98.0,89.0,24.0,46.0,42.0,58.0,43.0,42.0,34.0,74.0,77.0,79.0,74.0,280.0,276.0,276.0,215.0,219.0,255.0,226.0,204.0,220.0,232.0,224.0,2055.0,1910.0,1903.0,1837.0,1974.0,1686.0,1849.0,1815.0,1648.0,1657.0,1565.0,2335.0,2186.0,2179.0,2052.0,2193.0,1941.0,2075.0,2019.0,1868.0,1889.0,1789.0,304.0,322.0,318.0,273.0,262.0,297.0,260.0,278.0,297.0,311.0,298.0
69.0,199.0,143.0,161.0,128.0,159.0,196.0,202.0,220.0,248.0,256.0,243.0,11.0,14.0,19.0,22.0,13.0,23.0,12.0,15.0,11.0,7.0,7.0,208.0,187.0,211.0,174.0,255.0,237.0,313.0,261.0,218.0,124.0,98.0,0.0,0.0,0.0,0.0,0.0,0.0,0.0,0.0,0.0,0.0,0.0,282.0,347.0,279.0,344.0,312.0,258.0,312.0,240.0,185.0,143.0,150.0,7.0,8.0,7.0,6.0,9.0,6.0,4.0,4.0,3.0,4.0,6.0,1140.0,888.0,1010.0,960.0,824.0,890.0,898.0,889.0,935.0,941.0,803.0,0.0,0.0,0.0,0.0,0.0,0.0,0.0,0.0,0.0,0.0,0.0,202.0,180.0,201.0,204.0,116.0,122.0,76.0,94.0,95.0,97.0,94.0,299.0,212.0,237.0,255.0,227.0,234.0,216.0,235.0,198.0,193.0,166.0,134.0,115.0,156.0,140.0,129.0,171.0,145.0,108.0,102.0,99.0,90.0,505.0,363.0,405.0,389.0,395.0,436.0,422.0,459.0,449.0,453.0,415.0,1561.0,1269.0,1441.0,1360.0,1208.0,1272.0,1299.0,1259.0,1259.0,1169.0,1002.0,2066.0,1632.0,1846.0,1749.0,1603.0,1708.0,1721.0,1718.0,1708.0,1622.0,1417.0,639.0,478.0,561.0,529.0,524.0,607.0,567.0,567.0,551.0,552.0,505.0
70.0,339.0,425.0,332.0,321.0,355.0,318.0,260.0,286.0,309.0,264.0,254.0,13.0,18.0,20.0,13.0,22.0,18.0,18.0,12.0,7.0,17.0,4.0,497.0,426.0,400.0,362.0,320.0,336.0,348.0,306.0,296.0,280.0,169.0,0.0,0.0,0.0,0.0,0.0,0.0,0.0,0.0,0.0,0.0,0.0,494.0,430.0,261.0,258.0,413.0,455.0,412.0,350.0,271.0,167.0,230.0,8.0,7.0,8.0,6.0,6.0,12.0,7.0,8.0,3.0,15.0,4.0,2040.0,1796.0,2078.0,2161.0,1993.0,2241.0,2193.0,2120.0,2191.0,2052.0,1967.0,0.0,0.0,0.0,0.0,1.0,0.0,1.0,1.0,0.0,0.0,0.0,234.0,183.0,198.0,197.0,170.0,113.0,111.0,103.0,89.0,100.0,83.0,590.0,430.0,477.0,388.0,390.0,368.0,370.0,358.0,309.0,335.0,238.0,191.0,210.0,209.0,289.0,256.0,232.0,178.0,157.0,119.0,126.0,131.0,937.0,862.0,817.0,715.0,751.0,698.0,637.0,652.0,621.0,614.0,496.0,2784.0,2423.0,2696.0,2733.0,2505.0,2708.0,2670.0,2541.0,2583.0,2449.0,2223.0,3721.0,3285.0,3513.0,3448.0,3256.0,3406.0,3307.0,3193.0,3204.0,3063.0,2719.0,1128.0,1072.0,1026.0,1004.0,1008.0,930.0,816.0,810.0,740.0,740.0,627.0
71.0,326.0,311.0,298.0,301.0,298.0,364.0,346.0,372.0,388.0,364.0,372.0,30.0,22.0,15.0,21.0,22.0,10.0,22.0,14.0,13.0,16.0,11.0,320.0,283.0,297.0,243.0,302.0,236.0,202.0,189.0,178.0,204.0,163.0,0.0,0.0,0.0,0.0,0.0,0.0,0.0,0.0,0.0,0.0,0.0,631.0,449.0,206.0,229.0,548.0,849.0,641.0,489.0,478.0,396.0,404.0,16.0,10.0,17.0,9.0,11.0,10.0,3.0,6.0,5.0,5.0,5.0,1315.0,1302.0,1268.0,1415.0,1359.0,1340.0,1515.0,1571.0,1476.0,1425.0,1389.0,1.0,0.0,0.0,0.0,0.0,0.0,1.0,0.0,0.0,0.0,0.0,260.0,214.0,169.0,147.0,147.0,119.0,125.0,83.0,83.0,98.0,76.0,397.0,364.0,399.0,294.0,261.0,289.0,317.0,323.0,287.0,294.0,211.0,178.0,196.0,174.0,220.0,267.0,187.0,139.0,117.0,108.0,121.0,120.0,739.0,685.0,714.0,604.0,570.0,663.0,666.0,701.0,680.0,663.0,588.0,1925.0,1821.0,1749.0,1826.0,1830.0,1705.0,1864.0,1857.0,1750.0,1743.0,1639.0,2664.0,2506.0,2463.0,2430.0,2400.0,2368.0,2530.0,2558.0,2430.0,2406.0,2227.0,918.0,881.0,888.0,824.0,837.0,850.0,806.0,818.0,788.0,784.0,708.0
72.0,206.0,208.0,215.0,202.0,191.0,264.0,240.0,208.0,267.0,231.0,247.0,24.0,16.0,29.0,10.0,16.0,16.0,17.0,7.0,3.0,5.0,11.0,359.0,262.0,248.0,246.0,249.0,221.0,193.0,177.0,200.0,211.0,150.0,0.0,0.0,0.0,0.0,0.0,0.0,0.0,0.0,0.0,0.0,0.0,347.0,327.0,177.0,215.0,270.0,283.0,333.0,344.0,318.0,229.0,215.0,5.0,3.0,7.0,8.0,7.0,4.0,1.0,5.0,1.0,3.0,4.0,1180.0,1090.0,1299.0,1143.0,1179.0,1158.0,1271.0,1368.0,1270.0,1217.0,1242.0,0.0,0.0,0.0,0.0,0.0,0.0,0.0,0.0,0.0,1.0,0.0,214.0,172.0,198.0,147.0,123.0,104.0,109.0,126.0,99.0,109.0,119.0,264.0,281.0,303.0,228.0,255.0,244.0,219.0,231.0,204.0,218.0,198.0,79.0,82.0,98.0,148.0,173.0,105.0,105.0,94.0,142.0,127.0,121.0,475.0,492.0,525.0,438.0,453.0,512.0,460.0,444.0,472.0,452.0,449.0,1777.0,1540.0,1774.0,1546.0,1567.0,1499.0,1590.0,1678.0,1572.0,1542.0,1522.0,2252.0,2032.0,2299.0,1984.0,2020.0,2011.0,2050.0,2122.0,2044.0,1994.0,1971.0,554.0,574.0,623.0,586.0,626.0,617.0,565.0,538.0,614.0,580.0,570.0
73.0,545.0,525.0,505.0,551.0,566.0,596.0,641.0,653.0,578.0,598.0,571.0,48.0,57.0,34.0,44.0,41.0,36.0,37.0,28.0,35.0,15.0,24.0,304.0,281.0,314.0,267.0,284.0,348.0,323.0,291.0,289.0,173.0,184.0,0.0,0.0,0.0,0.0,0.0,0.0,0.0,0.0,0.0,0.0,0.0,1295.0,1432.0,1591.0,1700.0,1792.0,1665.0,1019.0,565.0,633.0,594.0,405.0,25.0,24.0,32.0,21.0,30.0,23.0,14.0,14.0,18.0,15.0,14.0,1489.0,1239.0,1285.0,1379.0,1445.0,1496.0,1694.0,1470.0,1393.0,1453.0,1272.0,0.0,0.0,0.0,0.0,0.0,0.0,0.0,0.0,0.0,0.0,0.0,173.0,186.0,156.0,131.0,146.0,121.0,149.0,124.0,97.0,108.0,98.0,545.0,524.0,563.0,512.0,475.0,518.0,544.0,447.0,398.0,365.0,325.0,337.0,407.0,385.0,405.0,358.0,403.0,418.0,474.0,409.0,449.0,438.0,1115.0,1073.0,1100.0,1084.0,1071.0,1137.0,1199.0,1114.0,994.0,978.0,910.0,2014.0,1763.0,1789.0,1821.0,1916.0,2001.0,2203.0,1913.0,1814.0,1749.0,1578.0,3129.0,2836.0,2889.0,2905.0,2987.0,3138.0,3402.0,3027.0,2808.0,2727.0,2488.0,1452.0,1480.0,1485.0,1489.0,1429.0,1540.0,1617.0,1588.0,1403.0,1427.0,1348.0
75.0,692.0,658.0,654.0,805.0,742.0,876.0,908.0,942.0,915.0,869.0,925.0,65.0,70.0,89.0,77.0,62.0,53.0,52.0,70.0,50.0,52.0,48.0,463.0,455.0,443.0,449.0,473.0,518.0,662.0,645.0,534.0,439.0,368.0,0.0,0.0,0.0,0.0,0.0,0.0,0.0,0.0,0.0,0.0,0.0,1891.0,2039.0,2089.0,2512.0,2580.0,2439.0,1950.0,1679.0,1611.0,1100.0,602.0,27.0,34.0,17.0,22.0,34.0,28.0,18.0,17.0,24.0,15.0,21.0,2255.0,2343.0,2400.0,2216.0,2204.0,2485.0,2825.0,2804.0,3227.0,3295.0,3071.0,1.0,0.0,1.0,0.0,0.0,0.0,2.0,0.0,1.0,0.0,0.0,464.0,368.0,406.0,327.0,319.0,321.0,277.0,281.0,306.0,266.0,226.0,769.0,807.0,797.0,658.0,751.0,778.0,839.0,892.0,810.0,728.0,632.0,380.0,403.0,405.0,504.0,577.0,581.0,641.0,526.0,502.0,522.0,430.0,1488.0,1499.0,1468.0,1485.0,1527.0,1682.0,1765.0,1851.0,1749.0,1612.0,1578.0,3247.0,3236.0,3338.0,3069.0,3058.0,3377.0,3816.0,3800.0,4117.0,4052.0,3713.0,4735.0,4735.0,4806.0,4554.0,4585.0,5059.0,5581.0,5651.0,5866.0,5664.0,5291.0,1869.0,1902.0,1874.0,1989.0,2104.0,2263.0,2408.0,2377.0,2252.0,2134.0,2008.0
76.0,86.0,74.0,85.0,81.0,87.0,96.0,121.0,105.0,100.0,103.0,79.0,17.0,13.0,17.0,11.0,10.0,16.0,12.0,12.0,15.0,10.0,4.0,112.0,100.0,119.0,118.0,104.0,99.0,105.0,97.0,100.0,143.0,75.0,0.0,0.0,0.0,0.0,0.0,0.0,0.0,0.0,0.0,0.0,0.0,325.0,327.0,240.0,216.0,186.0,147.0,324.0,139.0,119.0,125.0,242.0,0.0,3.0,5.0,5.0,1.0,3.0,1.0,0.0,1.0,1.0,3.0,737.0,670.0,676.0,648.0,659.0,782.0,797.0,784.0,781.0,714.0,603.0,0.0,0.0,0.0,0.0,0.0,0.0,0.0,0.0,0.0,0.0,0.0,86.0,50.0,63.0,61.0,57.0,38.0,46.0,49.0,49.0,32.0,33.0,131.0,113.0,94.0,71.0,99.0,132.0,110.0,104.0,83.0,77.0,67.0,48.0,66.0,51.0,81.0,60.0,41.0,52.0,25.0,30.0,50.0,92.0,217.0,190.0,184.0,157.0,187.0,231.0,232.0,209.0,184.0,181.0,149.0,952.0,833.0,875.0,838.0,830.0,935.0,960.0,942.0,945.0,899.0,715.0,1169.0,1023.0,1059.0,995.0,1017.0,1166.0,1192.0,1151.0,1129.0,1080.0,864.0,265.0,256.0,235.0,238.0,247.0,272.0,284.0,234.0,214.0,231.0,241.0
77.0,300.0,346.0,259.0,229.0,306.0,397.0,353.0,419.0,410.0,368.0,375.0,29.0,28.0,32.0,10.0,21.0,16.0,11.0,21.0,18.0,13.0,10.0,261.0,315.0,266.0,270.0,314.0,362.0,324.0,317.0,300.0,256.0,205.0,0.0,0.0,0.0,0.0,0.0,0.0,0.0,0.0,0.0,0.0,0.0,1435.0,1563.0,1505.0,1448.0,1301.0,1282.0,1028.0,850.0,675.0,309.0,176.0,24.0,17.0,16.0,14.0,19.0,10.0,11.0,11.0,7.0,10.0,9.0,1194.0,1235.0,1209.0,1088.0,1100.0,1322.0,1365.0,1573.0,1538.0,1372.0,1298.0,0.0,0.0,0.0,0.0,0.0,0.0,0.0,0.0,0.0,0.0,0.0,158.0,171.0,134.0,140.0,123.0,112.0,121.0,114.0,130.0,106.0,87.0,351.0,388.0,316.0,250.0,301.0,353.0,371.0,401.0,301.0,308.0,274.0,199.0,247.0,268.0,246.0,229.0,263.0,187.0,184.0,164.0,128.0,138.0,675.0,751.0,591.0,493.0,626.0,760.0,735.0,831.0,718.0,686.0,658.0,1642.0,1749.0,1641.0,1508.0,1558.0,1812.0,1821.0,2025.0,1986.0,1747.0,1600.0,2317.0,2500.0,2232.0,2001.0,2184.0,2572.0,2556.0,2856.0,2704.0,2433.0,2258.0,874.0,998.0,859.0,739.0,855.0,1023.0,922.0,1015.0,882.0,814.0,796.0
78.0,117.0,101.0,102.0,68.0,64.0,80.0,101.0,87.0,90.0,113.0,93.0,5.0,12.0,9.0,7.0,10.0,5.0,7.0,3.0,4.0,3.0,1.0,224.0,237.0,246.0,241.0,213.0,155.0,194.0,176.0,153.0,196.0,135.0,0.0,0.0,0.0,0.0,0.0,0.0,0.0,0.0,0.0,0.0,0.0,160.0,114.0,73.0,59.0,68.0,119.0,106.0,84.0,53.0,101.0,137.0,2.0,1.0,3.0,0.0,2.0,0.0,2.0,0.0,0.0,2.0,1.0,1851.0,1800.0,2123.0,1875.0,2124.0,2180.0,2275.0,1964.0,1983.0,1717.0,1838.0,0.0,0.0,0.0,0.0,0.0,0.0,0.0,0.0,0.0,0.0,0.0,153.0,112.0,103.0,123.0,100.0,87.0,67.0,77.0,78.0,68.0,54.0,242.0,210.0,204.0,170.0,160.0,201.0,187.0,176.0,112.0,143.0,139.0,77.0,61.0,66.0,77.0,56.0,63.0,26.0,48.0,39.0,59.0,51.0,361.0,312.0,309.0,238.0,226.0,281.0,290.0,263.0,202.0,258.0,233.0,2233.0,2161.0,2481.0,2246.0,2447.0,2427.0,2543.0,2220.0,2218.0,1984.0,2028.0,2594.0,2473.0,2790.0,2484.0,2673.0,2708.0,2833.0,2483.0,2420.0,2242.0,2261.0,438.0,373.0,375.0,315.0,282.0,344.0,316.0,311.0,241.0,317.0,284.0
79.0,421.0,431.0,384.0,453.0,413.0,438.0,521.0,471.0,379.0,363.0,386.0,35.0,22.0,33.0,28.0,33.0,38.0,25.0,23.0,20.0,7.0,7.0,356.0,436.0,417.0,378.0,411.0,350.0,336.0,248.0,362.0,328.0,328.0,0.0,0.0,0.0,0.0,0.0,0.0,0.0,0.0,0.0,0.0,0.0,620.0,842.0,611.0,678.0,516.0,422.0,431.0,489.0,344.0,223.0,240.0,23.0,19.0,14.0,13.0,13.0,10.0,12.0,10.0,12.0,7.0,6.0,1364.0,1490.0,1545.0,1216.0,1443.0,1623.0,1496.0,1638.0,1655.0,1625.0,1626.0,0.0,0.0,0.0,0.0,0.0,0.0,0.0,0.0,0.0,0.0,0.0,174.0,191.0,170.0,117.0,119.0,93.0,103.0,119.0,142.0,101.0,98.0,495.0,535.0,516.0,364.0,425.0,507.0,464.0,383.0,302.0,284.0,314.0,186.0,246.0,209.0,201.0,200.0,213.0,221.0,216.0,169.0,140.0,140.0,939.0,985.0,914.0,830.0,851.0,955.0,997.0,864.0,693.0,654.0,706.0,1929.0,2139.0,2165.0,1739.0,2006.0,2104.0,1960.0,2028.0,2179.0,2061.0,2059.0,2868.0,3124.0,3079.0,2569.0,2857.0,3059.0,2957.0,2892.0,2872.0,2715.0,2765.0,1125.0,1231.0,1123.0,1031.0,1051.0,1168.0,1218.0,1080.0,862.0,794.0,846.0
81.0,313.0,295.0,269.0,242.0,310.0,292.0,300.0,353.0,301.0,307.0,285.0,28.0,19.0,37.0,14.0,21.0,21.0,18.0,18.0,25.0,30.0,7.0,270.0,288.0,284.0,260.0,248.0,294.0,327.0,247.0,294.0,237.0,233.0,0.0,0.0,0.0,0.0,0.0,0.0,0.0,0.0,0.0,0.0,0.0,490.0,454.0,885.0,886.0,814.0,633.0,549.0,570.0,589.0,329.0,235.0,11.0,19.0,14.0,13.0,17.0,16.0,15.0,8.0,6.0,5.0,10.0,880.0,967.0,888.0,930.0,1105.0,1097.0,1117.0,1090.0,1014.0,1053.0,974.0,0.0,1.0,0.0,1.0,0.0,0.0,1.0,0.0,0.0,0.0,1.0,135.0,123.0,98.0,104.0,91.0,81.0,103.0,82.0,115.0,77.0,62.0,388.0,357.0,347.0,306.0,346.0,318.0,338.0,327.0,303.0,313.0,213.0,183.0,210.0,172.0,185.0,186.0,176.0,192.0,185.0,159.0,132.0,135.0,712.0,671.0,630.0,561.0,673.0,626.0,653.0,688.0,610.0,625.0,508.0,1313.0,1397.0,1307.0,1308.0,1465.0,1493.0,1565.0,1437.0,1448.0,1397.0,1276.0,2025.0,2068.0,1937.0,1869.0,2138.0,2119.0,2218.0,2125.0,2058.0,2022.0,1784.0,895.0,882.0,802.0,747.0,859.0,802.0,846.0,873.0,769.0,757.0,644.0
83.0,412.0,394.0,384.0,374.0,390.0,380.0,402.0,395.0,337.0,318.0,325.0,43.0,33.0,27.0,18.0,25.0,19.0,19.0,14.0,15.0,15.0,6.0,530.0,487.0,461.0,485.0,477.0,494.0,537.0,404.0,521.0,473.0,334.0,0.0,0.0,0.0,0.0,0.0,0.0,0.0,0.0,0.0,0.0,0.0,254.0,409.0,478.0,497.0,385.0,423.0,357.0,278.0,219.0,160.0,130.0,8.0,11.0,10.0,9.0,13.0,16.0,8.0,7.0,8.0,7.0,4.0,1160.0,1062.0,1192.0,1123.0,1148.0,1266.0,1304.0,1635.0,1656.0,1453.0,1572.0,0.0,0.0,0.0,0.0,0.0,0.0,0.0,1.0,0.0,0.0,0.0,255.0,205.0,219.0,165.0,174.0,128.0,183.0,156.0,144.0,139.0,116.0,562.0,462.0,491.0,401.0,473.0,480.0,498.0,409.0,366.0,356.0,352.0,231.0,302.0,306.0,242.0,257.0,306.0,176.0,155.0,106.0,131.0,114.0,982.0,867.0,885.0,784.0,876.0,876.0,908.0,811.0,711.0,681.0,681.0,1988.0,1787.0,1899.0,1791.0,1824.0,1907.0,2043.0,2209.0,2336.0,2080.0,2028.0,2970.0,2654.0,2784.0,2575.0,2700.0,2783.0,2951.0,3020.0,3047.0,2761.0,2709.0,1213.0,1169.0,1191.0,1026.0,1133.0,1182.0,1084.0,967.0,817.0,812.0,795.0
84.0,148.0,157.0,152.0,120.0,116.0,131.0,122.0,124.0,127.0,142.0,122.0,13.0,13.0,21.0,11.0,15.0,8.0,8.0,10.0,9.0,7.0,3.0,160.0,158.0,147.0,109.0,123.0,154.0,136.0,105.0,122.0,97.0,92.0,0.0,0.0,0.0,0.0,0.0,0.0,0.0,0.0,0.0,0.0,0.0,204.0,238.0,225.0,152.0,169.0,163.0,205.0,144.0,116.0,112.0,150.0,1.0,2.0,0.0,2.0,3.0,1.0,3.0,2.0,1.0,1.0,3.0,1825.0,1993.0,1952.0,1802.0,1954.0,1942.0,1828.0,2063.0,2063.0,2113.0,2171.0,0.0,0.0,0.0,0.0,1.0,0.0,0.0,0.0,0.0,0.0,0.0,79.0,59.0,57.0,57.0,50.0,43.0,25.0,41.0,44.0,52.0,35.0,209.0,217.0,234.0,136.0,175.0,169.0,177.0,151.0,140.0,123.0,121.0,81.0,48.0,74.0,107.0,67.0,52.0,52.0,79.0,66.0,54.0,52.0,358.0,376.0,386.0,258.0,294.0,301.0,302.0,277.0,268.0,266.0,246.0,2077.0,2223.0,2177.0,1979.0,2142.0,2147.0,1997.0,2219.0,2238.0,2269.0,2301.0,2435.0,2599.0,2563.0,2237.0,2436.0,2448.0,2299.0,2496.0,2506.0,2535.0,2547.0,439.0,424.0,460.0,365.0,362.0,353.0,354.0,356.0,334.0,320.0,298.0
88.0,122.0,153.0,120.0,130.0,123.0,141.0,191.0,190.0,166.0,172.0,174.0,10.0,12.0,21.0,11.0,16.0,13.0,9.0,15.0,10.0,14.0,2.0,182.0,147.0,175.0,186.0,185.0,133.0,213.0,153.0,189.0,120.0,108.0,0.0,0.0,0.0,0.0,0.0,0.0,0.0,0.0,0.0,0.0,0.0,418.0,347.0,247.0,188.0,252.0,393.0,401.0,242.0,235.0,153.0,207.0,10.0,10.0,4.0,2.0,4.0,1.0,4.0,6.0,1.0,7.0,2.0,1123.0,1045.0,998.0,777.0,985.0,1047.0,1171.0,1248.0,1244.0,1071.0,1018.0,0.0,0.0,0.0,1.0,1.0,0.0,0.0,0.0,0.0,0.0,0.0,102.0,109.0,96.0,86.0,89.0,76.0,78.0,79.0,96.0,80.0,58.0,228.0,196.0,225.0,178.0,205.0,259.0,247.0,205.0,184.0,153.0,123.0,48.0,53.0,62.0,48.0,42.0,53.0,45.0,54.0,49.0,63.0,61.0,360.0,359.0,349.0,310.0,332.0,401.0,442.0,401.0,351.0,332.0,299.0,1417.0,1313.0,1290.0,1060.0,1275.0,1269.0,1471.0,1495.0,1539.0,1285.0,1186.0,1777.0,1672.0,1639.0,1370.0,1607.0,1670.0,1913.0,1896.0,1890.0,1617.0,1485.0,408.0,412.0,411.0,359.0,375.0,454.0,487.0,455.0,400.0,395.0,360.0
90.0,183.0,195.0,222.0,227.0,214.0,229.0,240.0,258.0,238.0,183.0,230.0,30.0,36.0,29.0,25.0,45.0,27.0,21.0,45.0,20.0,28.0,6.0,580.0,350.0,434.0,479.0,471.0,318.0,346.0,286.0,342.0,387.0,262.0,0.0,0.0,0.0,0.0,0.0,0.0,0.0,0.0,0.0,0.0,0.0,437.0,396.0,522.0,463.0,422.0,458.0,440.0,440.0,370.0,329.0,162.0,5.0,3.0,6.0,8.0,3.0,4.0,5.0,6.0,2.0,6.0,3.0,1563.0,1511.0,1768.0,1574.0,1776.0,1793.0,1774.0,1866.0,2005.0,1839.0,1886.0,0.0,0.0,0.0,0.0,0.0,0.0,1.0,0.0,0.0,0.0,0.0,257.0,197.0,172.0,141.0,171.0,184.0,125.0,141.0,166.0,149.0,114.0,397.0,403.0,420.0,327.0,385.0,387.0,388.0,315.0,255.0,275.0,233.0,86.0,81.0,138.0,118.0,118.0,133.0,83.0,97.0,76.0,66.0,74.0,585.0,601.0,648.0,562.0,602.0,620.0,633.0,579.0,495.0,464.0,466.0,2430.0,2094.0,2403.0,2219.0,2463.0,2322.0,2266.0,2338.0,2533.0,2403.0,2268.0,3015.0,2695.0,3051.0,2781.0,3065.0,2942.0,2899.0,2917.0,3028.0,2867.0,2734.0,671.0,682.0,786.0,680.0,720.0,753.0,717.0,676.0,571.0,530.0,540.0
94.0,94.0,81.0,85.0,77.0,74.0,91.0,93.0,118.0,102.0,99.0,91.0,14.0,14.0,13.0,14.0,9.0,5.0,10.0,9.0,5.0,4.0,7.0,242.0,263.0,232.0,234.0,252.0,164.0,225.0,202.0,254.0,227.0,175.0,0.0,0.0,0.0,0.0,0.0,0.0,0.0,0.0,0.0,0.0,0.0,77.0,112.0,113.0,101.0,108.0,62.0,95.0,84.0,53.0,97.0,95.0,1.0,0.0,1.0,3.0,0.0,1.0,0.0,1.0,2.0,1.0,1.0,773.0,783.0,983.0,925.0,966.0,1140.0,1212.0,1220.0,1305.0,1404.0,1351.0,0.0,0.0,1.0,0.0,0.0,1.0,0.0,0.0,0.0,0.0,1.0,198.0,128.0,154.0,128.0,150.0,115.0,89.0,116.0,112.0,125.0,83.0,155.0,166.0,139.0,122.0,136.0,134.0,137.0,124.0,95.0,81.0,88.0,19.0,23.0,26.0,42.0,61.0,41.0,48.0,34.0,35.0,19.0,25.0,250.0,247.0,225.0,202.0,210.0,226.0,230.0,243.0,199.0,181.0,180.0,1227.0,1188.0,1382.0,1301.0,1377.0,1424.0,1536.0,1547.0,1676.0,1760.0,1616.0,1477.0,1435.0,1607.0,1503.0,1587.0,1650.0,1766.0,1790.0,1875.0,1941.0,1796.0,269.0,270.0,252.0,244.0,271.0,268.0,278.0,277.0,234.0,200.0,206.0
100.0,67.0,76.0,85.0,94.0,91.0,122.0,132.0,137.0,137.0,135.0,133.0,4.0,11.0,14.0,11.0,8.0,5.0,6.0,5.0,5.0,2.0,1.0,58.0,49.0,68.0,63.0,57.0,142.0,220.0,130.0,122.0,77.0,71.0,0.0,0.0,0.0,0.0,0.0,0.0,0.0,0.0,0.0,0.0,0.0,94.0,112.0,66.0,97.0,87.0,74.0,58.0,53.0,52.0,30.0,70.0,2.0,1.0,6.0,2.0,1.0,1.0,3.0,3.0,1.0,3.0,0.0,429.0,355.0,429.0,374.0,380.0,374.0,542.0,406.0,579.0,573.0,598.0,0.0,0.0,0.0,0.0,0.0,0.0,1.0,0.0,0.0,0.0,0.0,30.0,31.0,29.0,20.0,25.0,18.0,26.0,18.0,36.0,23.0,18.0,64.0,56.0,73.0,47.0,52.0,73.0,54.0,58.0,52.0,67.0,57.0,25.0,34.0,56.0,72.0,59.0,49.0,45.0,61.0,54.0,69.0,99.0,133.0,133.0,164.0,143.0,144.0,196.0,189.0,198.0,190.0,205.0,190.0,521.0,446.0,540.0,468.0,470.0,539.0,794.0,559.0,742.0,675.0,688.0,654.0,579.0,704.0,611.0,614.0,735.0,983.0,757.0,932.0,880.0,878.0,158.0,167.0,220.0,215.0,203.0,245.0,235.0,259.0,244.0,274.0,289.0
101.0,128.0,159.0,166.0,157.0,145.0,178.0,227.0,210.0,265.0,319.0,303.0,15.0,9.0,18.0,19.0,18.0,17.0,14.0,13.0,13.0,8.0,21.0,79.0,105.0,107.0,109.0,129.0,134.0,237.0,220.0,158.0,151.0,140.0,0.0,0.0,0.0,0.0,0.0,0.0,0.0,0.0,0.0,0.0,0.0,141.0,145.0,102.0,82.0,78.0,73.0,57.0,74.0,59.0,39.0,54.0,7.0,4.0,9.0,7.0,6.0,8.0,6.0,3.0,5.0,5.0,2.0,515.0,493.0,481.0,544.0,449.0,474.0,647.0,715.0,687.0,706.0,751.0,0.0,0.0,0.0,0.0,0.0,0.0,0.0,0.0,0.0,0.0,0.0,61.0,66.0,56.0,68.0,75.0,43.0,53.0,56.0,70.0,34.0,51.0,146.0,127.0,134.0,122.0,112.0,124.0,127.0,133.0,137.0,166.0,151.0,120.0,146.0,142.0,157.0,174.0,182.0,161.0,206.0,177.0,180.0,132.0,281.0,290.0,309.0,286.0,263.0,310.0,360.0,346.0,407.0,490.0,456.0,670.0,673.0,662.0,740.0,671.0,668.0,951.0,1004.0,928.0,899.0,963.0,951.0,963.0,971.0,1026.0,934.0,978.0,1311.0,1350.0,1335.0,1389.0,1419.0,401.0,436.0,451.0,443.0,437.0,492.0,521.0,552.0,584.0,670.0,588.0
102.0,231.0,239.0,212.0,243.0,247.0,256.0,249.0,321.0,248.0,312.0,278.0,27.0,21.0,26.0,20.0,21.0,12.0,11.0,12.0,8.0,12.0,17.0,416.0,389.0,347.0,368.0,361.0,305.0,319.0,291.0,303.0,236.0,183.0,0.0,0.0,0.0,0.0,0.0,0.0,0.0,0.0,0.0,0.0,0.0,56.0,98.0,79.0,66.0,52.0,69.0,69.0,61.0,59.0,39.0,57.0,9.0,1.0,8.0,5.0,8.0,6.0,6.0,7.0,3.0,6.0,8.0,1287.0,1294.0,1409.0,1217.0,1150.0,1371.0,1401.0,1500.0,1518.0,1382.0,1300.0,0.0,0.0,1.0,0.0,0.0,0.0,0.0,3.0,0.0,0.0,0.0,385.0,322.0,352.0,281.0,287.0,254.0,232.0,247.0,248.0,231.0,175.0,334.0,324.0,360.0,292.0,284.0,271.0,327.0,322.0,238.0,250.0,182.0,95.0,142.0,162.0,185.0,198.0,169.0,130.0,156.0,73.0,71.0,70.0,574.0,564.0,580.0,540.0,539.0,533.0,582.0,650.0,489.0,568.0,468.0,2115.0,2026.0,2134.0,1886.0,1819.0,1942.0,1963.0,2050.0,2077.0,1861.0,1675.0,2689.0,2590.0,2714.0,2426.0,2358.0,2475.0,2545.0,2700.0,2566.0,2429.0,2143.0,669.0,706.0,743.0,725.0,737.0,702.0,712.0,809.0,562.0,639.0,538.0
103.0,273.0,276.0,305.0,369.0,335.0,358.0,364.0,366.0,457.0,434.0,406.0,25.0,25.0,25.0,25.0,21.0,25.0,24.0,17.0,19.0,19.0,15.0,332.0,306.0,284.0,302.0,257.0,264.0,322.0,307.0,287.0,254.0,190.0,0.0,0.0,0.0,0.0,0.0,0.0,0.0,0.0,0.0,0.0,0.0,381.0,376.0,312.0,303.0,295.0,209.0,179.0,216.0,232.0,453.0,206.0,14.0,9.0,13.0,11.0,14.0,11.0,11.0,8.0,8.0,6.0,4.0,1496.0,1554.0,1643.0,1455.0,1476.0,1583.0,1433.0,1570.0,1625.0,1578.0,1321.0,0.0,0.0,0.0,0.0,0.0,0.0,0.0,1.0,0.0,0.0,0.0,243.0,224.0,204.0,178.0,176.0,198.0,175.0,166.0,145.0,108.0,95.0,392.0,391.0,435.0,354.0,452.0,410.0,398.0,404.0,366.0,356.0,356.0,296.0,255.0,265.0,310.0,348.0,315.0,360.0,565.0,341.0,295.0,316.0,679.0,676.0,753.0,734.0,801.0,779.0,773.0,778.0,831.0,796.0,766.0,2096.0,2109.0,2156.0,1960.0,1930.0,2070.0,1954.0,2060.0,2076.0,1959.0,1621.0,2775.0,2785.0,2909.0,2694.0,2731.0,2849.0,2727.0,2838.0,2907.0,2755.0,2387.0,975.0,931.0,1018.0,1044.0,1149.0,1094.0,1133.0,1344.0,1172.0,1091.0,1082.0
104.0,133.0,156.0,148.0,183.0,225.0,243.0,263.0,233.0,220.0,188.0,208.0,26.0,14.0,25.0,25.0,9.0,18.0,14.0,8.0,11.0,5.0,9.0,515.0,445.0,394.0,447.0,446.0,396.0,393.0,344.0,286.0,271.0,301.0,0.0,0.0,0.0,0.0,0.0,0.0,0.0,0.0,0.0,0.0,0.0,188.0,112.0,136.0,153.0,243.0,238.0,276.0,227.0,127.0,69.0,46.0,3.0,4.0,4.0,2.0,4.0,2.0,3.0,3.0,3.0,3.0,1.0,1739.0,1680.0,1801.0,1699.0,1578.0,1670.0,1716.0,1833.0,1738.0,1583.0,1610.0,0.0,1.0,1.0,2.0,0.0,0.0,0.0,0.0,0.0,0.0,0.0,423.0,337.0,338.0,285.0,347.0,245.0,209.0,180.0,215.0,185.0,156.0,296.0,297.0,304.0,281.0,273.0,272.0,282.0,251.0,178.0,180.0,191.0,206.0,139.0,96.0,124.0,145.0,182.0,133.0,115.0,113.0,83.0,50.0,432.0,457.0,456.0,466.0,502.0,517.0,548.0,487.0,401.0,371.0,400.0,2703.0,2476.0,2558.0,2456.0,2380.0,2329.0,2332.0,2365.0,2250.0,2044.0,2076.0,3135.0,2933.0,3014.0,2922.0,2882.0,2846.0,2880.0,2852.0,2651.0,2415.0,2476.0,638.0,597.0,553.0,592.0,647.0,699.0,681.0,602.0,514.0,454.0,450.0
105.0,245.0,261.0,244.0,234.0,260.0,274.0,280.0,308.0,342.0,360.0,329.0,28.0,30.0,28.0,23.0,24.0,21.0,22.0,8.0,12.0,15.0,17.0,507.0,529.0,465.0,429.0,398.0,504.0,528.0,470.0,317.0,364.0,337.0,0.0,0.0,0.0,0.0,0.0,0.0,0.0,0.0,0.0,0.0,0.0,140.0,72.0,50.0,64.0,69.0,56.0,50.0,40.0,67.0,35.0,53.0,9.0,9.0,9.0,9.0,15.0,5.0,8.0,3.0,7.0,8.0,1.0,1441.0,1345.0,1399.0,1417.0,1303.0,1264.0,1300.0,1269.0,1390.0,1551.0,1424.0,0.0,0.0,0.0,0.0,0.0,0.0,0.0,0.0,1.0,0.0,0.0,394.0,319.0,333.0,357.0,378.0,416.0,312.0,261.0,226.0,229.0,203.0,400.0,384.0,390.0,332.0,327.0,339.0,335.0,312.0,205.0,272.0,215.0,121.0,82.0,118.0,177.0,188.0,145.0,128.0,132.0,112.0,87.0,94.0,654.0,654.0,643.0,575.0,602.0,618.0,623.0,623.0,554.0,640.0,545.0,2370.0,2223.0,2225.0,2226.0,2103.0,2205.0,2162.0,2008.0,1945.0,2159.0,1981.0,3024.0,2877.0,2868.0,2801.0,2705.0,2823.0,2785.0,2631.0,2499.0,2799.0,2526.0,775.0,736.0,761.0,752.0,790.0,763.0,751.0,755.0,667.0,727.0,639.0
106.0,166.0,190.0,143.0,157.0,148.0,214.0,188.0,250.0,232.0,204.0,219.0,29.0,26.0,33.0,21.0,16.0,20.0,19.0,18.0,26.0,12.0,10.0,326.0,322.0,297.0,310.0,293.0,301.0,355.0,338.0,237.0,233.0,205.0,0.0,0.0,0.0,0.0,0.0,0.0,0.0,0.0,0.0,0.0,0.0,122.0,173.0,69.0,50.0,34.0,39.0,48.0,62.0,42.0,74.0,104.0,3.0,3.0,8.0,4.0,2.0,4.0,2.0,7.0,2.0,3.0,6.0,1206.0,1279.0,1163.0,1112.0,1027.0,1153.0,1403.0,1254.0,1464.0,1435.0,1305.0,0.0,0.0,0.0,0.0,0.0,0.0,0.0,0.0,0.0,0.0,0.0,375.0,298.0,307.0,260.0,316.0,272.0,222.0,187.0,224.0,241.0,120.0,365.0,298.0,323.0,221.0,244.0,257.0,290.0,301.0,253.0,251.0,200.0,93.0,117.0,121.0,148.0,87.0,83.0,69.0,78.0,51.0,57.0,101.0,534.0,491.0,474.0,382.0,394.0,475.0,480.0,558.0,487.0,458.0,425.0,1936.0,1925.0,1800.0,1703.0,1652.0,1746.0,1999.0,1797.0,1951.0,1921.0,1640.0,2470.0,2416.0,2274.0,2085.0,2046.0,2221.0,2479.0,2355.0,2438.0,2379.0,2065.0,627.0,608.0,595.0,530.0,481.0,558.0,549.0,636.0,538.0,515.0,526.0
107.0,134.0,100.0,110.0,100.0,115.0,132.0,150.0,143.0,131.0,124.0,118.0,7.0,12.0,12.0,7.0,11.0,15.0,19.0,6.0,7.0,4.0,9.0,445.0,454.0,388.0,307.0,282.0,278.0,267.0,249.0,184.0,157.0,195.0,0.0,0.0,0.0,0.0,0.0,0.0,0.0,0.0,0.0,0.0,0.0,105.0,52.0,59.0,75.0,64.0,50.0,57.0,61.0,48.0,56.0,70.0,4.0,3.0,4.0,3.0,4.0,3.0,3.0,1.0,1.0,3.0,3.0,1631.0,1473.0,1565.0,1474.0,1434.0,1296.0,1233.0,1430.0,1309.0,1379.0,1364.0,0.0,0.0,2.0,0.0,1.0,0.0,0.0,1.0,0.0,0.0,0.0,379.0,258.0,224.0,214.0,225.0,210.0,179.0,141.0,142.0,155.0,145.0,355.0,293.0,333.0,285.0,282.0,266.0,270.0,264.0,212.0,243.0,212.0,143.0,77.0,75.0,81.0,105.0,99.0,108.0,88.0,95.0,42.0,68.0,493.0,396.0,447.0,388.0,401.0,401.0,423.0,408.0,344.0,370.0,333.0,2462.0,2197.0,2189.0,2002.0,1952.0,1799.0,1698.0,1826.0,1642.0,1695.0,1713.0,2955.0,2593.0,2636.0,2390.0,2353.0,2200.0,2121.0,2234.0,1986.0,2065.0,2046.0,636.0,473.0,524.0,469.0,507.0,500.0,531.0,497.0,439.0,412.0,401.0
108.0,156.0,123.0,110.0,97.0,131.0,105.0,116.0,152.0,168.0,153.0,132.0,11.0,14.0,19.0,10.0,9.0,7.0,9.0,9.0,5.0,4.0,11.0,393.0,319.0,297.0,264.0,255.0,288.0,213.0,234.0,230.0,198.0,154.0,0.0,0.0,0.0,0.0,0.0,0.0,0.0,0.0,0.0,0.0,0.0,105.0,81.0,84.0,62.0,117.0,142.0,106.0,96.0,113.0,85.0,56.0,2.0,1.0,3.0,4.0,1.0,2.0,4.0,4.0,2.0,2.0,3.0,1470.0,1421.0,1505.0,1328.0,1338.0,1226.0,1026.0,1367.0,1337.0,1166.0,1192.0,0.0,1.0,0.0,0.0,0.0,2.0,0.0,0.0,0.0,0.0,0.0,313.0,248.0,194.0,176.0,202.0,166.0,105.0,147.0,135.0,144.0,116.0,173.0,192.0,208.0,160.0,194.0,144.0,153.0,142.0,145.0,118.0,102.0,55.0,46.0,53.0,46.0,68.0,71.0,52.0,49.0,61.0,56.0,34.0,331.0,316.0,321.0,261.0,326.0,251.0,273.0,298.0,315.0,273.0,237.0,2187.0,2002.0,2015.0,1778.0,1804.0,1687.0,1353.0,1757.0,1707.0,1512.0,1473.0,2518.0,2318.0,2336.0,2039.0,2130.0,1938.0,1626.0,2055.0,2022.0,1785.0,1710.0,386.0,363.0,374.0,307.0,394.0,324.0,325.0,347.0,376.0,329.0,271.0
109.0,201.0,243.0,213.0,211.0,214.0,240.0,257.0,278.0,257.0,233.0,258.0,24.0,13.0,21.0,19.0,18.0,14.0,23.0,24.0,11.0,7.0,5.0,457.0,526.0,449.0,413.0,489.0,400.0,441.0,465.0,462.0,346.0,320.0,0.0,0.0,0.0,0.0,0.0,0.0,0.0,0.0,0.0,0.0,0.0,91.0,46.0,80.0,81.0,62.0,70.0,84.0,79.0,27.0,50.0,67.0,5.0,6.0,4.0,3.0,7.0,9.0,3.0,1.0,6.0,3.0,3.0,2530.0,2657.0,2412.0,2504.0,2232.0,2358.0,2218.0,2428.0,2625.0,2820.0,2786.0,0.0,0.0,0.0,0.0,0.0,0.0,0.0,0.0,0.0,0.0,0.0,462.0,299.0,376.0,274.0,282.0,275.0,204.0,212.0,216.0,168.0,162.0,251.0,231.0,272.0,262.0,208.0,241.0,261.0,231.0,169.0,190.0,210.0,127.0,75.0,59.0,96.0,92.0,120.0,88.0,53.0,45.0,41.0,36.0,457.0,480.0,489.0,476.0,429.0,490.0,521.0,510.0,432.0,426.0,471.0,3473.0,3495.0,3258.0,3210.0,3021.0,3047.0,2886.0,3129.0,3314.0,3341.0,3273.0,3930.0,3975.0,3747.0,3686.0,3450.0,3537.0,3407.0,3639.0,3746.0,3767.0,3744.0,584.0,555.0,548.0,572.0,521.0,610.0,609.0,563.0,477.0,467.0,507.0
110.0,181.0,184.0,207.0,211.0,213.0,228.0,243.0,247.0,239.0,266.0,228.0,24.0,18.0,31.0,9.0,13.0,15.0,6.0,6.0,19.0,15.0,14.0,423.0,424.0,331.0,303.0,284.0,315.0,306.0,272.0,309.0,203.0,235.0,0.0,0.0,0.0,0.0,0.0,0.0,0.0,0.0,0.0,0.0,0.0,70.0,53.0,58.0,40.0,60.0,82.0,131.0,162.0,172.0,85.0,139.0,4.0,3.0,3.0,5.0,4.0,2.0,8.0,4.0,8.0,0.0,2.0,2124.0,2143.0,2309.0,2016.0,2256.0,2120.0,1881.0,2017.0,1928.0,2206.0,2199.0,0.0,0.0,0.0,0.0,0.0,0.0,0.0,0.0,0.0,0.0,0.0,228.0,151.0,155.0,139.0,141.0,115.0,100.0,96.0,93.0,102.0,98.0,382.0,354.0,339.0,286.0,324.0,285.0,302.0,278.0,241.0,239.0,234.0,121.0,152.0,114.0,116.0,151.0,133.0,127.0,165.0,112.0,117.0,137.0,567.0,541.0,549.0,502.0,541.0,515.0,553.0,529.0,488.0,505.0,464.0,2799.0,2736.0,2826.0,2467.0,2694.0,2565.0,2293.0,2391.0,2349.0,2526.0,2546.0,3366.0,3277.0,3375.0,2969.0,3235.0,3080.0,2846.0,2920.0,2837.0,3031.0,3010.0,688.0,693.0,663.0,618.0,692.0,648.0,680.0,694.0,600.0,622.0,601.0
111.0,45.0,44.0,42.0,36.0,47.0,47.0,62.0,60.0,64.0,59.0,72.0,2.0,4.0,11.0,7.0,3.0,4.0,3.0,1.0,2.0,2.0,2.0,370.0,303.0,284.0,240.0,244.0,196.0,244.0,230.0,221.0,193.0,179.0,0.0,0.0,0.0,0.0,0.0,0.0,0.0,0.0,0.0,0.0,0.0,81.0,49.0,51.0,40.0,50.0,42.0,26.0,29.0,20.0,21.0,32.0,0.0,1.0,0.0,1.0,0.0,2.0,1.0,0.0,0.0,0.0,1.0,974.0,922.0,899.0,936.0,781.0,764.0,805.0,855.0,876.0,810.0,954.0,0.0,0.0,0.0,0.0,0.0,0.0,0.0,0.0,0.0,0.0,0.0,158.0,149.0,157.0,158.0,126.0,97.0,94.0,78.0,88.0,72.0,61.0,120.0,66.0,94.0,85.0,72.0,60.0,57.0,64.0,42.0,54.0,47.0,51.0,48.0,46.0,65.0,52.0,53.0,45.0,34.0,31.0,22.0,33.0,165.0,111.0,136.0,122.0,119.0,109.0,120.0,124.0,106.0,113.0,120.0,1504.0,1378.0,1351.0,1341.0,1154.0,1061.0,1146.0,1164.0,1187.0,1077.0,1196.0,1669.0,1489.0,1487.0,1463.0,1273.0,1170.0,1266.0,1288.0,1293.0,1190.0,1316.0,216.0,159.0,182.0,187.0,171.0,162.0,165.0,158.0,137.0,135.0,153.0
112.0,53.0,54.0,76.0,64.0,56.0,63.0,84.0,62.0,57.0,58.0,52.0,25.0,12.0,5.0,4.0,3.0,0.0,6.0,3.0,6.0,9.0,1.0,214.0,268.0,181.0,174.0,133.0,154.0,142.0,175.0,115.0,118.0,80.0,0.0,0.0,0.0,0.0,0.0,0.0,0.0,0.0,0.0,0.0,0.0,44.0,69.0,43.0,52.0,22.0,23.0,15.0,23.0,45.0,35.0,69.0,0.0,3.0,1.0,1.0,2.0,1.0,0.0,0.0,0.0,1.0,1.0,1374.0,1390.0,1271.0,1009.0,1303.0,1488.0,1427.0,1554.0,1499.0,1301.0,1121.0,1.0,0.0,0.0,0.0,1.0,0.0,0.0,0.0,0.0,0.0,0.0,214.0,157.0,139.0,94.0,100.0,101.0,74.0,58.0,104.0,88.0,52.0,188.0,105.0,133.0,108.0,114.0,105.0,97.0,75.0,53.0,45.0,50.0,31.0,31.0,24.0,21.0,23.0,21.0,25.0,21.0,28.0,22.0,19.0,241.0,162.0,210.0,173.0,172.0,169.0,181.0,137.0,110.0,104.0,103.0,1827.0,1827.0,1596.0,1281.0,1539.0,1743.0,1649.0,1790.0,1724.0,1516.0,1254.0,2068.0,1989.0,1806.0,1454.0,1711.0,1912.0,1830.0,1927.0,1834.0,1620.0,1357.0,273.0,193.0,234.0,194.0,196.0,190.0,206.0,158.0,138.0,126.0,122.0
113.0,302.0,310.0,328.0,303.0,335.0,444.0,461.0,433.0,432.0,395.0,421.0,27.0,28.0,24.0,19.0,21.0,21.0,14.0,30.0,17.0,16.0,12.0,367.0,400.0,434.0,321.0,419.0,483.0,440.0,389.0,327.0,247.0,196.0,0.0,0.0,0.0,0.0,0.0,0.0,0.0,0.0,0.0,0.0,0.0,132.0,125.0,119.0,121.0,87.0,93.0,101.0,101.0,75.0,97.0,105.0,6.0,12.0,15.0,11.0,20.0,16.0,16.0,7.0,9.0,8.0,9.0,1457.0,1734.0,1491.0,1097.0,1148.0,1129.0,1208.0,1164.0,1121.0,1376.0,1361.0,0.0,0.0,0.0,0.0,1.0,1.0,0.0,0.0,0.0,0.0,0.0,313.0,296.0,303.0,246.0,242.0,228.0,248.0,146.0,178.0,135.0,92.0,378.0,429.0,386.0,352.0,350.0,393.0,340.0,352.0,248.0,228.0,190.0,162.0,263.0,244.0,328.0,313.0,292.0,308.0,291.0,271.0,288.0,320.0,686.0,751.0,729.0,666.0,705.0,853.0,817.0,792.0,689.0,631.0,620.0,2164.0,2458.0,2252.0,1683.0,1830.0,1861.0,1910.0,1729.0,1643.0,1774.0,1661.0,2850.0,3209.0,2981.0,2349.0,2535.0,2714.0,2727.0,2521.0,2332.0,2405.0,2281.0,848.0,1014.0,973.0,994.0,1019.0,1146.0,1125.0,1083.0,960.0,919.0,940.0
114.0,307.0,290.0,242.0,261.0,280.0,347.0,602.0,695.0,650.0,716.0,766.0,19.0,20.0,17.0,22.0,10.0,8.0,18.0,30.0,69.0,11.0,44.0,426.0,455.0,524.0,457.0,478.0,457.0,471.0,380.0,434.0,320.0,252.0,0.0,0.0,0.0,0.0,0.0,0.0,0.0,0.0,0.0,0.0,0.0,164.0,261.0,265.0,280.0,313.0,249.0,286.0,404.0,391.0,244.0,171.0,8.0,4.0,5.0,4.0,9.0,5.0,7.0,2.0,2.0,6.0,2.0,2675.0,2752.0,2420.0,2063.0,2192.0,2204.0,2392.0,2418.0,2387.0,2459.0,2479.0,0.0,1.0,2.0,0.0,0.0,0.0,1.0,1.0,0.0,0.0,0.0,376.0,330.0,356.0,232.0,264.0,192.0,196.0,203.0,191.0,191.0,188.0,425.0,322.0,330.0,311.0,325.0,324.0,323.0,249.0,260.0,226.0,214.0,200.0,246.0,172.0,203.0,179.0,142.0,148.0,179.0,218.0,129.0,92.0,740.0,616.0,577.0,576.0,614.0,676.0,932.0,946.0,912.0,948.0,982.0,3496.0,3557.0,3317.0,2774.0,2944.0,2861.0,3077.0,3031.0,3081.0,2981.0,2963.0,4236.0,4173.0,3894.0,3350.0,3558.0,3537.0,4009.0,3977.0,3993.0,3929.0,3945.0,940.0,863.0,751.0,779.0,793.0,818.0,1081.0,1126.0,1130.0,1077.0,1074.0
115.0,319.0,287.0,319.0,346.0,359.0,387.0,354.0,378.0,373.0,401.0,422.0,16.0,9.0,14.0,10.0,12.0,8.0,8.0,6.0,5.0,6.0,3.0,429.0,414.0,378.0,315.0,314.0,331.0,353.0,313.0,358.0,252.0,251.0,0.0,0.0,0.0,0.0,0.0,0.0,0.0,0.0,0.0,0.0,0.0,356.0,511.0,473.0,483.0,433.0,434.0,464.0,500.0,639.0,237.0,321.0,7.0,6.0,4.0,8.0,3.0,3.0,4.0,5.0,5.0,2.0,0.0,1739.0,1760.0,1782.0,1662.0,1743.0,1731.0,1532.0,1751.0,1788.0,1796.0,1703.0,0.0,0.0,0.0,0.0,0.0,0.0,0.0,2.0,0.0,0.0,0.0,299.0,277.0,262.0,234.0,237.0,194.0,169.0,125.0,161.0,142.0,174.0,449.0,359.0,401.0,373.0,364.0,366.0,357.0,397.0,360.0,372.0,373.0,243.0,261.0,252.0,254.0,281.0,325.0,263.0,327.0,263.0,256.0,324.0,775.0,652.0,724.0,727.0,726.0,756.0,715.0,780.0,738.0,775.0,795.0,2483.0,2460.0,2436.0,2221.0,2306.0,2264.0,2062.0,2195.0,2312.0,2196.0,2131.0,3258.0,3112.0,3160.0,2948.0,3032.0,3020.0,2777.0,2975.0,3050.0,2971.0,2926.0,1018.0,913.0,976.0,981.0,1007.0,1081.0,978.0,1109.0,1001.0,1031.0,1119.0
120.0,188.0,216.0,197.0,192.0,209.0,256.0,329.0,340.0,261.0,263.0,301.0,40.0,35.0,42.0,22.0,31.0,23.0,27.0,37.0,20.0,25.0,27.0,240.0,247.0,236.0,200.0,211.0,259.0,284.0,238.0,210.0,190.0,159.0,0.0,0.0,0.0,0.0,0.0,0.0,0.0,0.0,0.0,0.0,0.0,645.0,655.0,559.0,504.0,712.0,686.0,479.0,278.0,264.0,148.0,307.0,10.0,5.0,9.0,8.0,3.0,9.0,5.0,3.0,8.0,11.0,5.0,1205.0,1161.0,1286.0,1233.0,1236.0,1209.0,1410.0,1456.0,1371.0,1328.0,1358.0,0.0,0.0,0.0,3.0,0.0,0.0,0.0,1.0,0.0,0.0,0.0,156.0,135.0,125.0,152.0,128.0,107.0,99.0,73.0,68.0,79.0,90.0,187.0,186.0,195.0,152.0,204.0,180.0,195.0,250.0,191.0,228.0,199.0,196.0,170.0,203.0,216.0,270.0,237.0,207.0,133.0,100.0,99.0,151.0,385.0,407.0,401.0,352.0,416.0,445.0,529.0,593.0,460.0,502.0,505.0,1641.0,1578.0,1689.0,1607.0,1606.0,1598.0,1820.0,1804.0,1669.0,1622.0,1634.0,2026.0,1985.0,2090.0,1959.0,2022.0,2043.0,2349.0,2397.0,2129.0,2124.0,2139.0,581.0,577.0,604.0,571.0,686.0,682.0,736.0,727.0,560.0,601.0,656.0
121.0,115.0,118.0,118.0,134.0,110.0,159.0,170.0,181.0,221.0,242.0,192.0,33.0,28.0,34.0,21.0,34.0,14.0,21.0,19.0,15.0,8.0,12.0,175.0,223.0,193.0,170.0,161.0,165.0,176.0,169.0,142.0,168.0,139.0,0.0,0.0,0.0,0.0,0.0,0.0,0.0,0.0,0.0,0.0,0.0,274.0,326.0,382.0,380.0,293.0,271.0,280.0,274.0,400.0,238.0,182.0,7.0,2.0,8.0,5.0,10.0,5.0,3.0,3.0,4.0,0.0,9.0,1751.0,1616.0,1823.0,1649.0,1629.0,1546.0,1498.0,1657.0,1940.0,1774.0,1704.0,0.0,0.0,0.0,1.0,0.0,0.0,0.0,2.0,0.0,0.0,0.0,172.0,155.0,139.0,103.0,89.0,92.0,103.0,60.0,62.0,80.0,67.0,150.0,149.0,147.0,143.0,103.0,97.0,105.0,166.0,144.0,140.0,122.0,117.0,108.0,144.0,152.0,146.0,145.0,105.0,120.0,177.0,137.0,135.0,272.0,269.0,273.0,282.0,223.0,261.0,278.0,350.0,369.0,382.0,323.0,2131.0,2022.0,2189.0,1943.0,1913.0,1817.0,1798.0,1905.0,2159.0,2030.0,1922.0,2403.0,2291.0,2462.0,2225.0,2136.0,2078.0,2076.0,2255.0,2528.0,2412.0,2245.0,389.0,377.0,417.0,435.0,369.0,406.0,383.0,472.0,546.0,519.0,458.0
122.0,68.0,58.0,71.0,72.0,101.0,88.0,122.0,77.0,102.0,124.0,117.0,28.0,20.0,28.0,13.0,13.0,12.0,15.0,13.0,12.0,9.0,5.0,133.0,193.0,204.0,162.0,142.0,203.0,202.0,189.0,184.0,134.0,138.0,0.0,0.0,0.0,0.0,0.0,0.0,0.0,0.0,0.0,0.0,0.0,195.0,194.0,314.0,147.0,155.0,190.0,264.0,175.0,118.0,89.0,74.0,1.0,3.0,3.0,1.0,2.0,0.0,1.0,1.0,3.0,2.0,4.0,1210.0,1117.0,1351.0,1216.0,1139.0,963.0,1196.0,1237.0,1069.0,1023.0,954.0,0.0,0.0,0.0,2.0,1.0,1.0,1.0,0.0,0.0,0.0,0.0,159.0,144.0,107.0,113.0,90.0,80.0,66.0,48.0,53.0,44.0,64.0,67.0,83.0,79.0,66.0,85.0,78.0,101.0,64.0,56.0,63.0,80.0,65.0,67.0,96.0,75.0,107.0,107.0,106.0,89.0,57.0,36.0,38.0,136.0,144.0,153.0,139.0,188.0,166.0,224.0,142.0,161.0,189.0,201.0,1530.0,1474.0,1690.0,1504.0,1384.0,1258.0,1479.0,1487.0,1318.0,1210.0,1161.0,1666.0,1618.0,1843.0,1643.0,1572.0,1424.0,1703.0,1629.0,1479.0,1399.0,1362.0,201.0,211.0,249.0,216.0,296.0,274.0,331.0,231.0,218.0,225.0,239.0
123.0,20.0,49.0,36.0,49.0,50.0,47.0,59.0,47.0,49.0,51.0,46.0,18.0,7.0,18.0,8.0,10.0,7.0,8.0,7.0,8.0,5.0,2.0,123.0,144.0,161.0,98.0,110.0,99.0,84.0,90.0,90.0,82.0,61.0,0.0,0.0,0.0,0.0,0.0,0.0,0.0,0.0,0.0,0.0,0.0,91.0,89.0,149.0,83.0,94.0,108.0,105.0,123.0,98.0,140.0,186.0,0.0,2.0,1.0,1.0,3.0,1.0,1.0,0.0,1.0,2.0,1.0,744.0,638.0,729.0,667.0,691.0,691.0,597.0,623.0,640.0,526.0,473.0,0.0,0.0,0.0,0.0,0.0,0.0,0.0,0.0,0.0,0.0,0.0,106.0,78.0,77.0,50.0,39.0,45.0,29.0,39.0,29.0,19.0,23.0,26.0,24.0,32.0,30.0,21.0,37.0,30.0,24.0,15.0,25.0,19.0,37.0,32.0,37.0,37.0,19.0,31.0,29.0,38.0,38.0,34.0,48.0,46.0,75.0,69.0,80.0,74.0,85.0,90.0,71.0,65.0,78.0,66.0,991.0,867.0,985.0,823.0,850.0,842.0,718.0,759.0,767.0,632.0,559.0,1037.0,942.0,1054.0,903.0,924.0,927.0,808.0,830.0,832.0,710.0,625.0,83.0,107.0,106.0,117.0,93.0,116.0,119.0,109.0,103.0,112.0,114.0
